idx,direction,entry_bar,entry_time,entry_price,sl,tp,entry_atr,entry_spread_points,lots,exit_bar,exit_time,exit_price,exit_reason,bars_held,ambiguous,trailed,points,pnl_atr,pnl_money,swap,commission,nights,net_money,note
1,short,7856,2026-06-01 19:48:00,4470.36,4475.13,0.0,1.5887802654271896,15.0,0.01,7860,2026-06-01 19:52:00,4475.13,SL,4,False,False,-4.770000000000437,-3.0023031528012365,-4.770000000000437,0.0,0.0793,0,-4.8493000000004365,
2,short,7888,2026-06-01 20:20:00,4475.8,4480.45,0.0,1.548366723000922,15.0,0.01,7897,2026-06-01 20:29:00,4480.45,SL,9,False,False,-4.649999999999636,-3.003164515824374,-4.649999999999636,0.0,0.0793,0,-4.729299999999636,
3,short,8051,2026-06-01 23:03:00,4483.16,4486.69,0.0,1.1773727592233088,23.0,0.01,8108,2026-06-02 01:00:00,4486.69,SL,57,False,False,-3.5299999999997453,-2.998200843655005,-3.5299999999997453,0.23399999999999999,0.0793,1,-3.3752999999997453,
4,short,9235,2026-06-02 19:47:00,4490.28,4487.81,0.0,1.5643525721041662,15.0,0.01,9259,2026-06-02 20:11:00,4487.81,SL,24,False,True,2.469999999999345,1.5789279501596103,2.469999999999345,0.0,0.0793,0,2.3906999999993452,
5,short,9278,2026-06-02 20:30:00,4491.14,4483.08,0.0,1.4609429026011582,15.0,0.01,9288,2026-06-02 20:40:00,4483.08,SL,10,False,True,8.0600000000004,5.516984945578536,8.0600000000004,0.0,0.0793,0,7.9807000000004,
6,short,9298,2026-06-02 20:50:00,4485.96,4483.62,0.0,1.4935763203506807,15.0,0.01,9304,2026-06-02 20:56:00,4483.62,SL,6,False,True,2.3400000000001455,1.5667093593521426,2.3400000000001455,0.0,0.0793,0,2.2607000000001456,
7,short,9414,2026-06-02 22:46:00,4487.21,4490.36,0.0,1.0485034291181343,15.0,0.01,9443,2026-06-02 23:15:00,4490.36,SL,29,False,False,-3.149999999999636,-3.0042820199920657,-3.149999999999636,0.0,0.0793,0,-3.229299999999636,
8,short,9459,2026-06-02 23:31:00,4490.47,4489.3,0.0,0.7389690952597641,30.0,0.02,9473,2026-06-02 23:45:00,4489.3,SL,14,False,True,1.1700000000000728,1.5832867808751756,2.3400000000001455,0.0,0.1586,0,2.1814000000001457,
9,short,10636,2026-06-03 20:08:00,4445.3,4442.66,0.0,1.6482471684900164,15.0,0.01,10642,2026-06-03 20:14:00,4442.66,SL,6,False,True,2.6400000000003274,1.6017015229693192,2.6400000000003274,0.0,0.0793,0,2.5607000000003275,
10,short,10670,2026-06-03 20:42:00,4440.7,4438.08,0.0,1.4420158596716461,15.0,0.01,10696,2026-06-03 21:08:00,4438.08,SL,26,False,True,2.619999999999891,1.8169009601575932,2.619999999999891,0.0,0.0793,0,2.540699999999891,
11,short,10784,2026-06-03 22:36:00,4448.8,4445.85,0.0,1.185572050109314,15.0,0.01,10796,2026-06-03 22:48:00,4445.85,SL,12,False,True,2.949999999999818,2.4882502921081997,2.949999999999818,0.0,0.0793,0,2.870699999999818,
12,short,10835,2026-06-03 23:27:00,4439.89,4433.97,0.0,1.1644369001955155,23.0,0.01,10842,2026-06-03 23:34:00,4433.97,SL,7,False,True,5.920000000000073,5.084002404085676,5.920000000000073,0.0,0.0793,0,5.840700000000073,
13,short,10854,2026-06-03 23:46:00,4434.26,4437.97,0.0,1.236521788149943,58.0,0.01,10868,2026-06-04 01:00:00,4437.97,SL,14,False,False,-3.7100000000000364,-3.000351498497133,-3.7100000000000364,0.23399999999999999,0.0793,1,-3.5553000000000363,
14,long,11953,2026-06-04 19:05:00,4476.51,4483.21,0.0,1.5667516824440888,15.0,0.01,11959,2026-06-04 19:11:00,4483.21,SL,6,False,True,6.699999999999818,4.276363686138192,6.699999999999818,-0.0,0.0793,0,6.620699999999818,
15,long,11979,2026-06-04 19:31:00,4482.39,4477.53,0.0,1.62123364820885,15.0,0.01,12020,2026-06-04 20:12:00,4477.53,SL,41,False,False,-4.860000000000582,-2.9977172046545806,-4.860000000000582,-0.0,0.0793,0,-4.939300000000582,
16,long,12031,2026-06-04 20:23:00,4474.88,4477.88,0.0,1.22552434400276,15.0,0.01,12037,2026-06-04 20:29:00,4477.88,SL,6,False,True,3.0,2.447931789099772,3.0,-0.0,0.0793,0,2.9207,
17,long,12051,2026-06-04 20:43:00,4477.16,4479.39,0.0,1.4047326974749699,15.0,0.01,12060,2026-06-04 20:52:00,4479.39,SL,9,False,True,2.230000000000473,1.587490633633669,2.230000000000473,-0.0,0.0793,0,2.150700000000473,
18,long,12166,2026-06-04 22:38:00,4478.6,4481.43,0.0,0.9023448239921664,15.0,0.01,12187,2026-06-04 22:59:00,4481.43,SL,21,False,True,2.8299999999999272,3.1362733234057933,2.8299999999999272,-0.0,0.0793,0,2.7506999999999273,
19,long,12199,2026-06-04 23:11:00,4479.33,4476.21,0.0,1.0388871219754643,23.0,0.01,12218,2026-06-04 23:30:00,4476.21,SL,19,False,False,-3.119999999999891,-3.003213663932179,-3.119999999999891,-0.0,0.0793,0,-3.199299999999891,
20,long,12219,2026-06-04 23:31:00,4476.62,4473.87,0.0,0.9161085623899574,60.0,0.01,12248,2026-06-05 01:00:00,4473.87,SL,29,False,False,-2.75,-3.00182763582709,-2.75,-0.7770999999999999,0.0793,1,-3.6064,
21,short,14821,2026-06-08 20:54:00,4338.03,4342.88,0.0,1.615994388038873,15.0,0.01,14828,2026-06-08 21:01:00,4342.88,SL,7,False,False,-4.850000000000364,-3.0012480463414186,-4.850000000000364,0.0,0.0793,0,-4.929300000000364,
22,short,14919,2026-06-08 22:32:00,4329.35,4327.03,0.0,1.4303981806387687,15.0,0.01,14924,2026-06-08 22:37:00,4327.03,SL,5,False,True,2.3200000000006185,1.621926000328512,2.3200000000006185,0.0,0.0793,0,2.2407000000006185,
23,short,14938,2026-06-08 22:51:00,4328.23,4324.59,0.0,1.4378185261526646,15.0,0.01,14944,2026-06-08 22:57:00,4324.59,SL,6,False,True,3.639999999999418,2.5316129496115076,3.639999999999418,0.0,0.0793,0,3.560699999999418,
24,short,14952,2026-06-08 23:05:00,4329.54,4327.42,0.0,1.6560214866801375,23.0,0.01,14960,2026-06-08 23:13:00,4327.42,SL,8,False,True,2.119999999999891,1.2801766263612324,2.119999999999891,0.0,0.0793,0,2.040699999999891,
25,short,14979,2026-06-08 23:32:00,4327.32,4330.47,0.0,1.04857649531621,54.0,0.01,15005,2026-06-08 23:58:00,4330.47,SL,26,False,False,-3.1500000000005457,-3.0040726776453517,-3.1500000000005457,0.0,0.0793,0,-3.2293000000005456,
26,short,16343,2026-06-09 23:16:00,4259.72,4251.35,0.0,1.5548529285459975,23.0,0.01,16390,2026-06-10 01:03:00,4251.35,SL,47,False,True,8.36999999999989,5.383145792333554,8.36999999999989,0.702,0.0793,3,8.992699999999891,
27,short,17765,2026-06-10 23:58:00,4070.4,4066.52,0.0,1.5050291757274998,31.0,0.01,17769,2026-06-11 01:02:00,4066.52,SL,4,False,True,3.880000000000109,2.5780231124918878,3.880000000000109,0.23399999999999999,0.0793,1,4.034700000000109,
28,long,20499,2026-06-12 23:32:00,4213.06,4216.68,0.0,1.1053516512587458,37.0,0.01,20520,2026-06-12 23:53:00,4216.68,SL,21,False,True,3.619999999999891,3.274975882903444,3.619999999999891,-0.0,0.0793,0,3.540699999999891,
29,long,21822,2026-06-15 22:36:00,4320.76,4316.76,0.0,1.3342542724671753,15.0,0.01,21837,2026-06-15 22:51:00,4316.76,SL,15,False,False,-4.0,-2.9979293171784884,-4.0,-0.0,0.0793,0,-4.0793,
30,long,21854,2026-06-15 23:08:00,4319.23,4315.73,0.0,1.1666523596108846,23.0,0.01,21860,2026-06-15 23:14:00,4315.73,SL,6,False,False,-3.5,-3.000036790023174,-3.5,-0.0,0.0793,0,-3.5793,
31,long,21868,2026-06-15 23:22:00,4313.43,4309.19,0.0,1.4120301354314677,23.0,0.01,21890,2026-06-15 23:44:00,4309.19,SL,22,False,False,-4.240000000000691,-3.0027687749773793,-4.240000000000691,-0.0,0.0793,0,-4.319300000000691,
32,long,21897,2026-06-15 23:51:00,4308.7,4313.94,0.0,1.203140160052688,49.0,0.01,21912,2026-06-16 01:06:00,4313.94,SL,15,False,True,5.239999999999782,4.355269796471852,5.239999999999782,-0.7770999999999999,0.0793,1,4.383599999999782,
33,long,23052,2026-06-16 20:06:00,4339.23,4334.86,0.0,1.4577237219779042,15.0,0.01,23060,2026-06-16 20:14:00,4334.86,SL,8,False,False,-4.369999999999891,-2.9978245768481293,-4.369999999999891,-0.0,0.0793,0,-4.449299999999891,
34,long,23093,2026-06-16 20:47:00,4336.21,4339.52,0.0,1.657139392848522,15.0,0.01,23100,2026-06-16 20:54:00,4339.52,SL,7,False,True,3.3100000000004,1.9974179687507827,3.3100000000004,-0.0,0.0793,0,3.2307000000004003,
35,long,23201,2026-06-16 22:35:00,4339.28,4336.19,0.0,1.030644993260089,15.0,0.01,23218,2026-06-16 22:52:00,4336.19,SL,17,False,False,-3.0900000000001455,-2.998122554523842,-3.0900000000001455,-0.0,0.0793,0,-3.1693000000001454,
36,long,23228,2026-06-16 23:02:00,4331.93,4334.95,0.0,1.4659470729517796,23.0,0.01,23345,2026-06-17 01:59:00,4334.95,SL,117,False,True,3.019999999999527,2.060101661050123,3.019999999999527,-2.3312999999999997,0.0793,3,0.6093999999995273,
37,long,24380,2026-06-17 19:14:00,4361.42,4364.73,0.0,1.6618014910855972,15.0,0.01,24387,2026-06-17 19:21:00,4364.73,SL,7,False,True,3.3099999999994907,1.991814315822513,3.3099999999994907,-0.0,0.0793,0,3.2306999999994908,
38,long,24398,2026-06-17 19:32:00,4363.65,4359.28,0.0,1.4559997353583998,15.0,0.01,24405,2026-06-17 19:39:00,4359.28,SL,7,False,False,-4.369999999999891,-3.0013741719013423,-4.369999999999891,-0.0,0.0793,0,-4.449299999999891,
39,long,24428,2026-06-17 20:02:00,4356.8,4360.15,0.0,1.3399449942017083,15.0,0.01,24437,2026-06-17 20:11:00,4360.15,SL,9,False,True,3.3499999999994543,2.5001026269703446,3.3499999999994543,-0.0,0.0793,0,3.2706999999994544,
40,short,25999,2026-06-18 23:13:00,4217.2,4214.63,0.0,1.4457465147820434,23.0,0.01,26028,2026-06-18 23:42:00,4214.63,SL,29,False,True,2.569999999999709,1.7776283558166868,2.569999999999709,0.0,0.0793,0,2.490699999999709,
41,short,27115,2026-06-19 18:49:00,4152.13,4148.18,0.0,1.4786744676106376,15.0,0.01,27129,2026-06-19 19:03:00,4148.18,SL,14,False,True,3.949999999999818,2.6713114255516626,3.949999999999818,0.0,0.0793,0,3.870699999999818,
42,short,27148,2026-06-19 19:22:00,4147.61,4151.54,0.0,1.3086637965815617,15.0,0.01,27164,2026-06-19 19:38:00,4151.54,SL,16,False,False,-3.930000000000291,-3.0030631322315764,-3.930000000000291,0.0,0.0793,0,-4.009300000000291,
43,short,27165,2026-06-19 19:39:00,4151.16,4155.12,0.0,1.31930359593436,15.0,0.01,27174,2026-06-19 19:48:00,4155.12,SL,9,False,False,-3.9600000000000364,-3.001583571971906,-3.9600000000000364,0.0,0.0793,0,-4.039300000000036,
44,short,28311,2026-06-22 19:50:00,4184.75,4189.53,0.0,1.5939927918693635,15.0,0.01,28319,2026-06-22 19:58:00,4189.53,SL,8,False,False,-4.779999999999745,-2.9987588553609297,-4.779999999999745,0.0,0.0793,0,-4.859299999999745,
45,short,28338,2026-06-22 20:17:00,4189.49,4180.15,0.0,1.4878490172841383,15.0,0.01,28355,2026-06-22 20:34:00,4180.15,SL,17,False,True,9.340000000000146,6.277518680658215,9.340000000000146,0.0,0.0793,0,9.260700000000146,
46,short,28376,2026-06-22 20:55:00,4182.66,4187.05,0.0,1.463303345794757,15.0,0.01,28396,2026-06-22 21:15:00,4187.05,SL,20,False,False,-4.390000000000327,-3.0000614791296107,-4.390000000000327,0.0,0.0793,0,-4.469300000000327,
47,short,28479,2026-06-22 22:38:00,4189.94,4185.31,0.0,1.1425574055622634,15.0,0.01,28486,2026-06-22 22:45:00,4185.31,SL,7,False,True,4.6299999999992,4.052312800616554,4.6299999999992,0.0,0.0793,0,4.5506999999992,
48,short,28495,2026-06-22 22:54:00,4187.51,4191.2,0.0,1.2310082704062608,15.0,0.01,28499,2026-06-22 22:58:00,4191.2,SL,4,False,False,-3.6899999999996,-2.9975428181175547,-3.6899999999996,0.0,0.0793,0,-3.7692999999995997,
49,short,28529,2026-06-22 23:28:00,4191.12,4193.92,0.0,0.933328500647699,23.0,0.01,28563,2026-06-23 01:02:00,4193.92,SL,34,False,False,-2.800000000000182,-3.0000155337130225,-2.800000000000182,0.23399999999999999,0.0793,1,-2.645300000000182,
50,short,29674,2026-06-23 19:33:00,4140.16,4133.15,0.0,1.5885768529727693,15.0,0.01,29700,2026-06-23 19:59:00,4133.15,SL,26,False,True,7.010000000000218,4.412754716199041,7.010000000000218,0.0,0.0793,0,6.930700000000218,
51,short,29744,2026-06-23 20:43:00,4130.57,4127.52,0.0,1.547755883825125,15.0,0.01,29766,2026-06-23 21:05:00,4127.52,SL,22,False,True,3.0499999999992724,1.970594996196364,3.0499999999992724,0.0,0.0793,0,2.9706999999992725,
52,short,29854,2026-06-23 22:33:00,4122.95,4118.86,0.0,1.5970512776093408,15.0,0.01,29870,2026-06-23 22:49:00,4118.86,SL,16,False,True,4.0900000000001455,2.560969743014483,4.0900000000001455,0.0,0.0793,0,4.010700000000146,
53,short,29910,2026-06-23 23:29:00,4110.37,4114.13,0.0,1.253536298213377,23.0,0.01,29942,2026-06-24 01:01:00,4114.13,SL,32,False,False,-3.7600000000002183,-2.9995142584695946,-3.7600000000002183,0.702,0.0793,3,-3.1373000000002182,
54,short,31315,2026-06-24 23:54:00,3999.15,4004.14,0.0,1.6642522178269494,65.0,0.01,31321,2026-06-25 01:00:00,4004.14,SL,6,False,False,-4.989999999999782,-2.9983436083476183,-4.989999999999782,0.23399999999999999,0.0793,1,-4.835299999999782,
55,short,32663,2026-06-25 23:22:00,4030.11,4027.18,0.0,1.612045915578072,23.0,0.01,32677,2026-06-25 23:36:00,4027.18,SL,14,False,True,2.930000000000291,1.8175660951627466,2.930000000000291,0.0,0.0793,0,2.850700000000291,
56,short,32698,2026-06-25 23:57:00,4025.98,4028.93,0.0,0.9821472129898328,58.0,0.01,32701,2026-06-26 01:00:00,4028.93,SL,3,False,False,-2.949999999999818,-3.0036230424352452,-2.949999999999818,0.23399999999999999,0.0793,1,-2.795299999999818,
57,long,33855,2026-06-26 20:14:00,4082.65,4077.75,0.0,1.6346997626038366,15.0,0.01,33872,2026-06-26 20:31:00,4077.75,SL,17,False,False,-4.900000000000091,-2.9974923298423377,-4.900000000000091,-0.0,0.0793,0,-4.979300000000091,
58,long,33890,2026-06-26 20:49:00,4074.91,4070.05,0.0,1.6213434791199557,15.0,0.01,33947,2026-06-26 21:46:00,4070.05,SL,57,False,False,-4.859999999999673,-2.997514137249695,-4.859999999999673,-0.0,0.0793,0,-4.9392999999996725,
59,long,34007,2026-06-26 22:46:00,4067.56,4070.61,0.0,1.2143679138271721,15.0,0.01,34012,2026-06-26 22:51:00,4070.61,SL,5,False,True,3.050000000000182,2.511594686644739,3.050000000000182,-0.0,0.0793,0,2.970700000000182,
60,long,34026,2026-06-26 23:05:00,4071.73,4067.75,0.0,1.3265065109006988,23.0,0.01,34028,2026-06-26 23:07:00,4067.75,SL,2,False,False,-3.980000000000018,-3.0003622050053833,-3.980000000000018,-0.0,0.0793,0,-4.059300000000018,
61,long,34054,2026-06-26 23:33:00,4068.5,4075.12,0.0,1.4913415570136999,37.0,0.01,34071,2026-06-26 23:50:00,4075.12,SL,17,False,True,6.619999999999891,4.438956300028242,6.619999999999891,-0.0,0.0793,0,6.540699999999891,
62,short,35208,2026-06-29 19:47:00,4021.97,4026.0,0.0,1.3448637701750532,15.0,0.01,35210,2026-06-29 19:49:00,4026.0,SL,2,False,False,-4.0300000000002,-2.9965860404400946,-4.0300000000002,0.0,0.0793,0,-4.1093000000002,
63,short,35227,2026-06-29 20:06:00,4028.15,4024.22,0.0,1.5512589192432606,15.0,0.01,35248,2026-06-29 20:27:00,4024.22,SL,21,False,True,3.930000000000291,2.533426207094709,3.930000000000291,0.0,0.0793,0,3.850700000000291,
64,short,35264,2026-06-29 20:43:00,4024.41,4021.87,0.0,1.51657190871686,15.0,0.01,35269,2026-06-29 20:48:00,4021.87,SL,5,False,True,2.5399999999999636,1.6748299143619274,2.5399999999999636,0.0,0.0793,0,2.4606999999999637,
65,short,35404,2026-06-29 23:03:00,4015.72,4019.55,0.0,1.2760213371807883,23.0,0.01,35462,2026-06-30 01:01:00,4019.55,SL,58,False,False,-3.830000000000382,-3.0015172069632428,-3.830000000000382,0.23399999999999999,0.0793,1,-3.675300000000382,
66,long,36569,2026-06-30 19:28:00,4028.81,4032.39,0.0,1.4675060804072588,15.0,0.01,36588,2026-06-30 19:47:00,4032.39,SL,19,False,True,3.5799999999999272,2.439512890472259,3.5799999999999272,-0.0,0.0793,0,3.5006999999999273,
67,long,36597,2026-06-30 19:56:00,4028.95,4024.6,0.0,1.4489443821440435,15.0,0.01,36602,2026-06-30 20:01:00,4024.6,SL,5,False,False,-4.349999999999909,-3.0021856281074726,-4.349999999999909,-0.0,0.0793,0,-4.429299999999909,
68,short,36763,2026-06-30 22:42:00,4022.66,4016.89,0.0,1.0175270287263936,15.0,0.01,36775,2026-06-30 22:54:00,4016.89,SL,12,False,True,5.769999999999982,5.670611037450384,5.769999999999982,0.0,0.0793,0,5.690699999999982,
69,short,36785,2026-06-30 23:04:00,4017.95,4014.53,0.0,1.4450348197059826,23.0,0.01,36807,2026-06-30 23:26:00,4014.53,SL,22,False,True,3.419999999999618,2.366724976700199,3.419999999999618,0.0,0.0793,0,3.340699999999618,
70,short,36833,2026-06-30 23:52:00,4011.25,4013.69,0.0,0.814288864348653,61.0,0.02,36843,2026-07-01 01:02:00,4013.69,SL,10,False,False,-2.4400000000000546,-2.9964796361937265,-4.880000000000109,1.404,0.1586,3,-3.634600000000109,
71,long,38036,2026-07-01 20:55:00,4070.35,4066.16,0.0,1.395213232984641,15.0,0.01,38059,2026-07-01 21:18:00,4066.16,SL,23,False,False,-4.190000000000055,-3.0031251861314447,-4.190000000000055,-0.0,0.0793,0,-4.2693000000000545,
72,long,38134,2026-07-01 22:33:00,4057.78,4053.75,0.0,1.342469484217135,15.0,0.01,38143,2026-07-01 22:42:00,4053.75,SL,9,False,False,-4.0300000000002,-3.001930432966457,-4.0300000000002,-0.0,0.0793,0,-4.1093000000002,
73,long,38150,2026-07-01 22:49:00,4052.94,4049.22,0.0,1.2392241571186333,15.0,0.01,38151,2026-07-01 22:50:00,4049.22,SL,1,False,False,-3.7200000000002547,-3.001878214390015,-3.7200000000002547,-0.0,0.0793,0,-3.7993000000002546,
74,long,38196,2026-07-01 23:35:00,4036.91,4032.82,0.0,1.3639619958409894,64.0,0.01,38206,2026-07-01 23:45:00,4032.82,SL,10,False,False,-4.089999999999691,-2.998617272673998,-4.089999999999691,-0.0,0.0793,0,-4.169299999999691,
75,long,38210,2026-07-01 23:49:00,4032.94,4037.36,0.0,1.1840263766427312,59.0,0.01,38224,2026-07-02 01:03:00,4037.36,SL,14,False,True,4.420000000000073,3.733024945384106,4.420000000000073,-0.7770999999999999,0.0793,1,3.563600000000073,
76,long,39559,2026-07-02 23:18:00,4119.89,4123.42,0.0,1.294576095466993,23.0,0.01,39562,2026-07-02 23:21:00,4123.42,SL,3,False,True,3.5299999999997453,2.7267613022982378,3.5299999999997453,-0.0,0.0793,0,3.4506999999997454,
77,long,39576,2026-07-02 23:35:00,4123.7,4120.33,0.0,1.1244609121413476,49.0,0.01,39586,2026-07-02 23:45:00,4120.33,SL,10,False,False,-3.369999999999891,-2.996991681624833,-3.369999999999891,-0.0,0.0793,0,-3.449299999999891,
78,long,39594,2026-07-02 23:53:00,4120.2,4123.16,0.0,0.8364640011203825,50.0,0.01,39599,2026-07-02 23:58:00,4123.16,SL,5,False,True,2.9600000000000364,3.5387057853480033,2.9600000000000364,-0.0,0.0793,0,2.8807000000000365,
79,long,40606,2026-07-03 17:45:00,4164.05,4166.98,0.0,1.5346229115804424,15.0,0.01,40609,2026-07-03 17:48:00,4166.98,SL,3,False,True,2.9299999999993815,1.9092638184203181,2.9299999999993815,-0.0,0.0793,0,2.8506999999993816,
80,long,40640,2026-07-03 18:19:00,4171.03,4167.01,0.0,1.3393324435687808,15.0,0.01,40650,2026-07-03 18:29:00,4167.01,SL,10,False,False,-4.019999999999527,-3.0014952742336685,-4.019999999999527,-0.0,0.0793,0,-4.099299999999527,
81,long,40653,2026-07-03 18:32:00,4166.48,4169.29,0.0,1.365592249487337,15.0,0.01,40717,2026-07-03 19:36:00,4169.29,SL,64,False,True,2.8100000000004,2.057715252159138,2.8100000000004,-0.0,0.0793,0,2.7307000000004003,
82,long,41818,2026-07-06 19:02:00,4145.02,4147.44,0.0,1.6490462782800002,15.0,0.01,41850,2026-07-06 19:34:00,4147.44,SL,32,False,True,2.4199999999991633,1.467514909601742,2.4199999999991633,-0.0,0.0793,0,2.3406999999991633,
83,long,41887,2026-07-06 20:11:00,4153.28,4158.03,0.0,1.4190226166686892,15.0,0.01,41902,2026-07-06 20:26:00,4158.03,SL,15,False,True,4.75,3.3473744140534873,4.75,-0.0,0.0793,0,4.6707,
84,long,41921,2026-07-06 20:45:00,4156.9,4160.25,0.0,1.5500306506467165,15.0,0.01,41928,2026-07-06 20:52:00,4160.25,SL,7,False,True,3.350000000000364,2.1612475847510817,3.350000000000364,-0.0,0.0793,0,3.270700000000364,
85,long,42032,2026-07-06 22:36:00,4160.81,4163.02,0.0,1.058604872044405,15.0,0.01,42046,2026-07-06 22:50:00,4163.02,SL,14,False,True,2.2100000000000364,2.0876533429626365,2.2100000000000364,-0.0,0.0793,0,2.1307000000000365,
86,long,42054,2026-07-06 22:58:00,4161.77,4165.74,0.0,1.072069672024065,15.0,0.01,42118,2026-07-07 01:02:00,4165.74,SL,64,False,True,3.969999999999345,3.703117533866987,3.969999999999345,-0.7770999999999999,0.0793,1,3.1135999999993453,
87,short,43215,2026-07-07 19:19:00,4142.84,4147.83,0.0,1.663860532555791,15.0,0.01,43287,2026-07-07 20:31:00,4147.83,SL,72,False,False,-4.989999999999782,-2.9990494409617603,-4.989999999999782,0.0,0.0793,0,-5.069299999999782,
88,long,43306,2026-07-07 20:50:00,4145.48,4141.79,0.0,1.2287844563924029,15.0,0.01,43318,2026-07-07 21:02:00,4141.79,SL,12,False,False,-3.6899999999996,-3.0029676732997563,-3.6899999999996,-0.0,0.0793,0,-3.7692999999995997,
89,short,43466,2026-07-07 23:30:00,4110.65,4107.33,0.0,1.47567165967718,57.0,0.01,43472,2026-07-07 23:36:00,4107.33,SL,6,False,True,3.319999999999709,2.2498229726292887,3.319999999999709,0.0,0.0793,0,3.240699999999709,
90,short,43494,2026-07-07 23:58:00,4106.26,4110.17,0.0,1.3028986558232312,69.0,0.01,43650,2026-07-08 03:34:00,4110.17,SL,156,False,False,-3.9099999999998545,-3.001000870270556,-3.9099999999998545,0.702,0.0793,3,-3.2872999999998544,
91,short,44846,2026-07-08 23:30:00,4076.61,4073.97,0.0,1.493947051798121,29.0,0.01,44851,2026-07-08 23:35:00,4073.97,SL,5,False,True,2.6400000000003274,1.7671309012075174,2.6400000000003274,0.0,0.0793,0,2.5607000000003275,
92,short,44867,2026-07-08 23:51:00,4076.81,4074.31,0.0,1.2437030123244759,49.0,0.01,44880,2026-07-09 01:04:00,4074.31,SL,13,False,True,2.5,2.0101261918852398,2.5,0.23399999999999999,0.0793,1,2.6547,
93,long,45956,2026-07-09 19:00:00,4126.96,4129.7,0.0,1.5225386043427829,15.0,0.01,45968,2026-07-09 19:12:00,4129.7,SL,12,False,True,2.7399999999997817,1.7996259616566679,2.7399999999997817,-0.0,0.0793,0,2.660699999999782,
94,long,45980,2026-07-09 19:24:00,4129.27,4137.01,0.0,1.6088462851855594,15.0,0.01,45989,2026-07-09 19:33:00,4137.01,SL,9,False,True,7.739999999999782,4.810900874291464,7.739999999999782,-0.0,0.0793,0,7.660699999999782,
95,long,46004,2026-07-09 19:48:00,4132.55,4128.22,0.0,1.444583524659389,15.0,0.01,46015,2026-07-09 19:59:00,4128.22,SL,11,False,False,-4.329999999999927,-2.9974036987725414,-4.329999999999927,-0.0,0.0793,0,-4.409299999999927,
96,long,46027,2026-07-09 20:11:00,4126.45,4131.04,0.0,1.4346968810665737,15.0,0.01,46048,2026-07-09 20:32:00,4131.04,SL,21,False,True,4.5900000000001455,3.199282064785612,4.5900000000001455,-0.0,0.0793,0,4.510700000000146,
97,long,46178,2026-07-09 22:42:00,4120.46,4122.54,0.0,1.0211621666301183,15.0,0.01,46188,2026-07-09 22:52:00,4122.54,SL,10,False,True,2.0799999999999272,2.036894890910444,2.0799999999999272,-0.0,0.0793,0,2.0006999999999273,
98,long,46199,2026-07-09 23:03:00,4121.72,4124.65,0.0,1.0970630786955493,23.0,0.01,46233,2026-07-09 23:37:00,4124.65,SL,34,False,True,2.9299999999993815,2.6707671207778367,2.9299999999993815,-0.0,0.0793,0,2.8506999999993816,
99,long,46243,2026-07-09 23:47:00,4123.49,4125.61,0.0,0.6917609373766197,49.0,0.02,46263,2026-07-10 01:07:00,4125.61,SL,20,False,True,2.119999999999891,3.064642545500782,4.239999999999782,-1.5541999999999998,0.1586,1,2.527199999999782,
100,long,47376,2026-07-10 19:40:00,4112.55,4108.18,0.0,1.4580288257589131,15.0,0.01,47383,2026-07-10 19:47:00,4108.18,SL,7,False,False,-4.369999999999891,-2.997197258926125,-4.369999999999891,-0.0,0.0793,0,-4.449299999999891,
101,short,47408,2026-07-10 20:12:00,4105.2,4101.27,0.0,1.3808143837448676,15.0,0.01,47457,2026-07-10 21:01:00,4101.27,SL,49,False,True,3.9299999999993815,2.8461464815719397,3.9299999999993815,0.0,0.0793,0,3.8506999999993816,
102,short,47555,2026-07-10 22:39:00,4102.76,4105.6,0.0,0.9467283804174933,15.0,0.01,47568,2026-07-10 22:52:00,4105.6,SL,13,False,False,-2.8400000000001455,-2.999804441003181,-2.8400000000001455,0.0,0.0793,0,-2.9193000000001454,
103,short,47571,2026-07-10 22:55:00,4105.74,4108.51,0.0,0.9243384618680095,15.0,0.01,47574,2026-07-10 22:58:00,4108.51,SL,3,False,False,-2.7700000000004366,-2.9967377906167636,-2.7700000000004366,0.0,0.0793,0,-2.8493000000004365,
104,long,47593,2026-07-10 23:17:00,4111.09,4120.14,0.0,1.0793212941767112,23.0,0.01,47632,2026-07-10 23:56:00,4120.14,SL,39,False,True,9.050000000000182,8.384898962735072,9.050000000000182,-0.0,0.0793,0,8.970700000000182,
105,short,48927,2026-07-13 22:31:00,4000.02,3997.16,0.0,1.6202765024632375,15.0,0.01,48932,2026-07-13 22:36:00,3997.16,SL,5,False,True,2.8600000000001273,1.765130825295677,2.8600000000001273,0.0,0.0793,0,2.7807000000001274,
106,short,48943,2026-07-13 22:47:00,3998.91,4003.63,0.0,1.5731671478306146,15.0,0.01,48958,2026-07-13 23:02:00,4003.63,SL,15,False,False,-4.720000000000255,-3.000316912611033,-4.720000000000255,0.0,0.0793,0,-4.799300000000255,
107,short,48985,2026-07-13 23:29:00,3999.39,4002.84,0.0,1.148649528327798,23.0,0.01,49016,2026-07-14 01:00:00,4002.84,SL,31,False,False,-3.450000000000273,-3.0035271115487916,-3.450000000000273,0.23399999999999999,0.0793,1,-3.295300000000273,
108,long,50162,2026-07-14 20:06:00,4060.2,4055.21,0.0,1.6640947269691788,15.0,0.01,50171,2026-07-14 20:15:00,4055.21,SL,9,False,False,-4.989999999999782,-2.9986273732674373,-4.989999999999782,-0.0,0.0793,0,-5.069299999999782,
109,long,50198,2026-07-14 20:42:00,4061.07,4056.85,0.0,1.4066423790915747,15.0,0.01,50241,2026-07-14 21:25:00,4056.85,SL,43,False,False,-4.220000000000255,-3.0000517990404765,-4.220000000000255,-0.0,0.0793,0,-4.299300000000255,
110,long,50348,2026-07-14 23:12:00,4054.69,4051.63,0.0,1.020491370314217,23.0,0.01,50369,2026-07-14 23:33:00,4051.63,SL,21,False,False,-3.0599999999999454,-2.99855548906577,-3.0599999999999454,-0.0,0.0793,0,-3.1392999999999454,
111,long,51751,2026-07-15 23:35:00,4060.83,4064.24,0.0,0.9244900672086387,60.0,0.01,51780,2026-07-16 01:04:00,4064.24,SL,29,False,True,3.4099999999998545,3.6885198889111335,3.4099999999998545,-0.7770999999999999,0.0793,1,2.5535999999998547,
112,short,52938,2026-07-16 20:22:00,3988.39,3983.17,0.0,1.6318517483068269,15.0,0.01,52952,2026-07-16 20:36:00,3983.17,SL,14,False,True,5.2199999999998,3.1988199941667226,5.2199999999998,0.0,0.0793,0,5.1406999999998,
113,short,53123,2026-07-16 23:27:00,3975.26,3979.06,0.0,1.2653489042891914,23.0,0.01,53156,2026-07-17 01:00:00,3979.06,SL,33,False,False,-3.799999999999727,-3.0031242664523217,-3.799999999999727,0.23399999999999999,0.0793,1,-3.645299999999727,
114,long,54294,2026-07-17 19:58:00,4016.02,4018.24,0.0,1.62779658180125,15.0,0.01,54298,2026-07-17 20:02:00,4018.24,SL,4,False,True,2.2199999999998,1.3638067709561368,2.2199999999998,-0.0,0.0793,0,2.1406999999998,
115,long,54309,2026-07-17 20:13:00,4014.82,4010.44,0.0,1.460287631089789,15.0,0.01,54331,2026-07-17 20:35:00,4010.44,SL,22,False,False,-4.380000000000109,-2.9994090936258813,-4.380000000000109,-0.0,0.0793,0,-4.459300000000109,
116,long,54337,2026-07-17 20:41:00,4010.82,4015.05,0.0,1.417697142965796,15.0,0.01,54386,2026-07-17 21:30:00,4015.05,SL,49,False,True,4.230000000000018,2.983712015636102,4.230000000000018,-0.0,0.0793,0,4.150700000000018,
117,short,54448,2026-07-17 22:32:00,4007.06,4010.85,0.0,1.263386619301217,15.0,0.01,54461,2026-07-17 22:45:00,4010.85,SL,13,False,False,-3.7899999999999636,-2.99987346873772,-3.7899999999999636,0.0,0.0793,0,-3.8692999999999635,
118,long,54482,2026-07-17 23:06:00,4013.36,4009.16,0.0,1.399259090424823,23.0,0.01,54495,2026-07-17 23:19:00,4009.16,SL,13,False,False,-4.200000000000273,-3.0015885040454724,-4.200000000000273,-0.0,0.0793,0,-4.279300000000273,
119,long,54499,2026-07-17 23:23:00,4010.02,4014.93,0.0,0.9504856779238816,23.0,0.01,54522,2026-07-17 23:46:00,4014.93,SL,23,False,True,4.9099999999998545,5.165780099627199,4.9099999999998545,-0.0,0.0793,0,4.8306999999998546,
120,long,55614,2026-07-20 18:58:00,4013.04,4017.37,0.0,1.4805939140122595,15.0,0.01,55624,2026-07-20 19:08:00,4017.37,SL,10,False,True,4.329999999999927,2.9245020927217418,4.329999999999927,-0.0,0.0793,0,4.250699999999927,
121,long,55630,2026-07-20 19:14:00,4013.68,4009.2,0.0,1.491875109160454,15.0,0.01,55657,2026-07-20 19:41:00,4009.2,SL,27,False,False,-4.480000000000018,-3.0029323315951815,-4.480000000000018,-0.0,0.0793,0,-4.559300000000018,
122,short,55674,2026-07-20 19:58:00,4009.48,4004.85,0.0,1.6357157049741762,15.0,0.01,55728,2026-07-20 20:52:00,4004.85,SL,54,False,True,4.630000000000109,2.830565229593614,4.630000000000109,0.0,0.0793,0,4.550700000000109,
123,short,55873,2026-07-20 23:17:00,4008.04,4005.08,0.0,1.106805927994573,23.0,0.01,55959,2026-07-21 01:43:00,4005.08,SL,86,False,True,2.9600000000000364,2.674362257313958,2.9600000000000364,0.23399999999999999,0.0793,1,3.1147000000000364,
124,long,57017,2026-07-21 19:21:00,4076.52,4072.73,0.0,1.2624776068963266,15.0,0.01,57033,2026-07-21 19:37:00,4072.73,SL,16,False,False,-3.7899999999999636,-3.0020334454226836,-3.7899999999999636,-0.0,0.0793,0,-3.8692999999999635,
125,long,57038,2026-07-21 19:42:00,4073.68,4069.76,0.0,1.3076579533503379,15.0,0.01,57059,2026-07-21 20:03:00,4069.76,SL,21,False,False,-3.919999999999618,-2.9977258119802843,-3.919999999999618,-0.0,0.0793,0,-3.999299999999618,
126,long,57073,2026-07-21 20:17:00,4069.68,4071.83,0.0,1.1231247924538958,15.0,0.01,57086,2026-07-21 20:30:00,4071.83,SL,13,False,True,2.150000000000091,1.9143019675512578,2.150000000000091,-0.0,0.0793,0,2.070700000000091,
127,long,57090,2026-07-21 20:34:00,4070.17,4067.2,0.0,0.9896219680788247,15.0,0.01,57097,2026-07-21 20:41:00,4067.2,SL,7,False,False,-2.9700000000002547,-3.0011459888728846,-2.9700000000002547,-0.0,0.0793,0,-3.0493000000002546,
128,long,57102,2026-07-21 20:46:00,4067.08,4071.42,0.0,0.9897362419407689,15.0,0.01,57131,2026-07-21 21:15:00,4071.42,SL,29,False,True,4.3400000000001455,4.38500664731632,4.3400000000001455,-0.0,0.0793,0,4.260700000000146,
129,long,57212,2026-07-21 22:36:00,4082.81,4085.4,0.0,1.0723880594208288,15.0,0.01,57243,2026-07-21 23:07:00,4085.4,SL,31,False,True,2.5900000000001455,2.4151704947171293,2.5900000000001455,-0.0,0.0793,0,2.5107000000001456,
130,long,57249,2026-07-21 23:13:00,4084.33,4081.43,0.0,0.9667084250449649,23.0,0.01,57276,2026-07-21 23:40:00,4081.43,SL,27,False,False,-2.900000000000091,-2.999870410631005,-2.900000000000091,-0.0,0.0793,0,-2.979300000000091,
131,long,57291,2026-07-21 23:55:00,4077.93,4079.93,0.0,0.9414511742137822,56.0,0.01,57314,2026-07-22 01:18:00,4079.93,SL,23,False,True,2.0,2.124379951695557,2.0,-2.3312999999999997,0.0793,3,-0.4105999999999997,
132,long,58386,2026-07-22 19:10:00,4156.9,4152.08,0.0,1.6067138270404362,15.0,0.01,58393,2026-07-22 19:17:00,4152.08,SL,7,False,False,-4.819999999999709,-2.9999119437953303,-4.819999999999709,-0.0,0.0793,0,-4.899299999999709,
133,long,58399,2026-07-22 19:23:00,4153.42,4148.86,0.0,1.5197765347532242,15.0,0.01,58402,2026-07-22 19:26:00,4148.86,SL,3,False,False,-4.5600000000004,-3.000441114680611,-4.5600000000004,-0.0,0.0793,0,-4.6393000000004,
134,long,58428,2026-07-22 19:52:00,4145.45,4148.05,0.0,1.647553688925969,15.0,0.01,58435,2026-07-22 19:59:00,4148.05,SL,7,False,True,2.600000000000364,1.5780972829451703,2.600000000000364,-0.0,0.0793,0,2.520700000000364,
135,long,58438,2026-07-22 20:02:00,4145.35,4140.51,0.0,1.6139661190665977,15.0,0.01,58474,2026-07-22 20:38:00,4140.51,SL,36,False,False,-4.8400000000001455,-2.9988237936489366,-4.8400000000001455,-0.0,0.0793,0,-4.9193000000001454,
136,long,58587,2026-07-22 22:31:00,4133.05,4135.35,0.0,1.1527683961515052,15.0,0.01,58591,2026-07-22 22:35:00,4135.35,SL,4,False,True,2.300000000000182,1.995196960359676,2.300000000000182,-0.0,0.0793,0,2.220700000000182,
137,long,58601,2026-07-22 22:45:00,4134.19,4130.75,0.0,1.1455783121265477,15.0,0.01,58610,2026-07-22 22:54:00,4130.75,SL,9,False,False,-3.4399999999996,-3.002850144407758,-3.4399999999996,-0.0,0.0793,0,-3.5192999999995997,
138,long,58650,2026-07-22 23:34:00,4136.02,4132.61,0.0,1.1374375833167714,49.0,0.01,58658,2026-07-22 23:42:00,4132.61,SL,8,False,False,-3.410000000000764,-2.9979667016604057,-3.410000000000764,-0.0,0.0793,0,-3.489300000000764,
139,long,58668,2026-07-22 23:52:00,4129.12,4125.48,0.0,1.2139678729427603,34.0,0.01,58676,2026-07-23 01:00:00,4125.48,SL,8,False,False,-3.6400000000003274,-2.9984319034544638,-3.6400000000003274,-0.7770999999999999,0.0793,1,-4.496400000000327,
140,short,59768,2026-07-23 19:12:00,4049.84,4046.86,0.0,1.590222888779264,15.0,0.01,59776,2026-07-23 19:20:00,4046.86,SL,8,False,True,2.980000000000018,1.8739511429668942,2.980000000000018,0.0,0.0793,0,2.9007000000000183,
141,short,59779,2026-07-23 19:23:00,4050.42,4047.89,0.0,1.5895944570618645,15.0,0.01,59829,2026-07-23 20:13:00,4047.89,SL,50,False,True,2.5300000000002,1.5916009198198509,2.5300000000002,0.0,0.0793,0,2.4507000000002,
142,short,59840,2026-07-23 20:24:00,4049.37,4045.55,0.0,1.641228513280986,15.0,0.01,59852,2026-07-23 20:36:00,4045.55,SL,12,False,True,3.819999999999709,2.3275247590983734,3.819999999999709,0.0,0.0793,0,3.740699999999709,
143,short,59988,2026-07-23 22:52:00,4049.94,4047.64,0.0,1.2453084685788176,15.0,0.01,60176,2026-07-24 03:00:00,4047.64,SL,188,False,True,2.300000000000182,1.846931951426468,2.300000000000182,0.23399999999999999,0.0793,1,2.454700000000182,
144,long,61149,2026-07-24 19:13:00,4075.52,4070.85,0.0,1.5556201491745616,15.0,0.01,61166,2026-07-24 19:30:00,4070.85,SL,17,False,False,-4.670000000000073,-3.0020181999301396,-4.670000000000073,-0.0,0.0793,0,-4.749300000000073,
145,long,61172,2026-07-24 19:36:00,4071.24,4066.93,0.0,1.4368237432728899,15.0,0.01,61177,2026-07-24 19:41:00,4066.93,SL,5,False,False,-4.309999999999945,-2.999672033663885,-4.309999999999945,-0.0,0.0793,0,-4.389299999999945,
146,short,61194,2026-07-24 19:58:00,4067.4,4065.03,0.0,1.3009244449791988,15.0,0.01,61203,2026-07-24 20:07:00,4065.03,SL,9,False,True,2.369999999999891,1.821781433308209,2.369999999999891,0.0,0.0793,0,2.290699999999891,
147,short,61216,2026-07-24 20:20:00,4066.78,4064.07,0.0,1.2175587745186778,15.0,0.01,61251,2026-07-24 20:55:00,4064.07,SL,35,False,True,2.7100000000000364,2.2257652416585363,2.7100000000000364,0.0,0.0793,0,2.6307000000000365,
148,short,61362,2026-07-24 22:46:00,4057.3,4054.74,0.0,1.2309801904415187,15.0,0.01,61367,2026-07-24 22:51:00,4054.74,SL,5,False,True,2.5600000000004,2.079643539253218,2.5600000000004,0.0,0.0793,0,2.4807000000004003,
149,short,61400,2026-07-24 23:24:00,4053.21,4055.16,0.0,0.6514746951036678,23.0,0.02,61417,2026-07-24 23:41:00,4055.16,SL,17,False,False,-1.949999999999818,-2.993209121790246,-3.899999999999636,0.0,0.1586,0,-4.058599999999636,
150,short,61418,2026-07-24 23:42:00,4055.14,4054.14,0.0,0.7929955061743259,23.0,0.02,61428,2026-07-24 23:52:00,4054.14,SL,10,False,True,1.0,1.2610411940722497,2.0,0.0,0.1586,0,1.8414,
151,short,62501,2026-07-27 18:45:00,4076.11,4081.02,0.0,1.6373809751333934,15.0,0.01,62523,2026-07-27 19:07:00,4081.02,SL,22,False,False,-4.9099999999998545,-2.9986912481378067,-4.9099999999998545,0.0,0.0793,0,-4.989299999999854,
152,long,62577,2026-07-27 20:01:00,4080.99,4076.52,0.0,1.4892412801110093,15.0,0.01,62579,2026-07-27 20:03:00,4076.52,SL,2,False,False,-4.4699999999998,-3.0015284022120325,-4.4699999999998,-0.0,0.0793,0,-4.5492999999998,
153,short,62605,2026-07-27 20:29:00,4075.43,4073.17,0.0,1.4856154136012159,15.0,0.01,62616,2026-07-27 20:40:00,4073.17,SL,11,False,True,2.2599999999997635,1.5212550834548733,2.2599999999997635,0.0,0.0793,0,2.1806999999997636,
154,short,62623,2026-07-27 20:47:00,4074.83,4078.77,0.0,1.3133550347792957,15.0,0.01,62639,2026-07-27 21:03:00,4078.77,SL,16,False,False,-3.9400000000000546,-2.9999504289882717,-3.9400000000000546,0.0,0.0793,0,-4.0193000000000545,
155,long,62753,2026-07-27 22:57:00,4086.15,4082.56,0.0,1.1970667076427126,15.0,0.01,62754,2026-07-27 22:58:00,4082.56,SL,1,False,False,-3.5900000000001455,-2.9989974469089065,-3.5900000000001455,-0.0,0.0793,0,-3.6693000000001454,
156,long,62769,2026-07-27 23:13:00,4082.15,4079.17,0.0,0.9931422320895402,23.0,0.01,62778,2026-07-27 23:22:00,4079.17,SL,9,False,False,-2.980000000000018,-3.000577262463395,-2.980000000000018,-0.0,0.0793,0,-3.059300000000018,
157,long,62783,2026-07-27 23:27:00,4079.83,4077.14,0.0,0.8960221318975378,23.0,0.01,62790,2026-07-27 23:34:00,4077.14,SL,7,False,False,-2.6900000000000546,-3.0021579872177337,-2.6900000000000546,-0.0,0.0793,0,-2.7693000000000545,
158,short,63908,2026-07-28 19:12:00,4045.64,4042.06,0.0,1.6343496814617913,15.0,0.01,63928,2026-07-28 19:32:00,4042.06,SL,20,False,True,3.5799999999999272,2.1904737037657154,3.5799999999999272,0.0,0.0793,0,3.5006999999999273,
159,short,63958,2026-07-28 20:02:00,4038.79,4036.67,0.0,1.1333088249133683,15.0,0.01,63974,2026-07-28 20:18:00,4036.67,SL,16,False,True,2.119999999999891,1.870628687782385,2.119999999999891,0.0,0.0793,0,2.040699999999891,
160,short,63977,2026-07-28 20:21:00,4040.83,4038.43,0.0,1.5885659808722608,15.0,0.01,63979,2026-07-28 20:23:00,4038.43,SL,2,False,True,2.400000000000091,1.5107965478917549,2.400000000000091,0.0,0.0793,0,2.320700000000091,
161,short,63984,2026-07-28 20:28:00,4039.39,4035.49,0.0,1.574320345403488,15.0,0.01,63989,2026-07-28 20:33:00,4035.49,SL,5,False,True,3.900000000000091,2.47725947986815,3.900000000000091,0.0,0.0793,0,3.820700000000091,
162,short,64107,2026-07-28 22:31:00,4025.75,4023.57,0.0,0.9809217348739809,15.0,0.01,64145,2026-07-28 23:09:00,4023.57,SL,38,False,True,2.1799999999998363,2.2223995273995034,2.1799999999998363,0.0,0.0793,0,2.1006999999998364,
163,short,64152,2026-07-28 23:16:00,4024.53,4027.14,0.0,0.8698983485969302,23.0,0.01,64163,2026-07-28 23:27:00,4027.14,SL,11,False,False,-2.6099999999996726,-3.0003505630392033,-2.6099999999996726,0.0,0.0793,0,-2.6892999999996725,
164,short,64164,2026-07-28 23:28:00,4027.24,4029.62,0.0,0.7929090012433692,23.0,0.02,64172,2026-07-28 23:36:00,4029.62,SL,8,False,False,-2.380000000000109,-3.001605475871765,-4.760000000000218,0.0,0.1586,0,-4.918600000000218,
165,short,64177,2026-07-28 23:41:00,4028.97,4025.94,0.0,0.867723387177614,35.0,0.01,64210,2026-07-29 01:14:00,4025.94,SL,33,False,True,3.0299999999997453,3.491896201916632,3.0299999999997453,0.702,0.0793,3,3.6526999999997454,
166,short,65306,2026-07-29 19:30:00,4016.45,4021.19,0.0,1.5811764190833513,15.0,0.01,65328,2026-07-29 19:52:00,4021.19,SL,22,False,False,-4.7400000000002365,-2.9977679547916205,-4.7400000000002365,0.0,0.0793,0,-4.819300000000236,
167,long,66710,2026-07-30 19:54:00,4107.64,4109.75,0.0,1.529806446852112,15.0,0.01,66716,2026-07-30 20:00:00,4109.75,SL,6,False,True,2.1099999999996726,1.3792594509857288,2.1099999999996726,-0.0,0.0793,0,2.0306999999996727,
168,long,66719,2026-07-30 20:03:00,4108.27,4103.64,0.0,1.5426385872624313,15.0,0.01,66745,2026-07-30 20:29:00,4103.64,SL,26,False,False,-4.630000000000109,-3.0013510865279946,-4.630000000000109,-0.0,0.0793,0,-4.709300000000109,
169,long,66878,2026-07-30 22:42:00,4112.15,4114.49,0.0,1.4650044687660837,15.0,0.01,66898,2026-07-30 23:02:00,4114.49,SL,20,False,True,2.3400000000001455,1.5972647523533061,2.3400000000001455,-0.0,0.0793,0,2.2607000000001456,
170,long,66916,2026-07-30 23:20:00,4113.62,4109.37,0.0,1.4152441116025931,23.0,0.01,66926,2026-07-30 23:30:00,4109.37,SL,10,False,False,-4.25,-3.003015497578992,-4.25,-0.0,0.0793,0,-4.3293,
171,short,68050,2026-07-31 19:14:00,4046.46,4042.99,0.0,1.6554497471902578,15.0,0.01,68080,2026-07-31 19:44:00,4042.99,SL,30,False,True,3.4700000000002547,2.0961071188598597,3.4700000000002547,0.0,0.0793,0,3.3907000000002547,
172,short,68098,2026-07-31 20:02:00,4044.96,4042.67,0.0,1.1465212287181468,15.0,0.01,68108,2026-07-31 20:12:00,4042.67,SL,10,False,True,2.2899999999999636,1.997346357520365,2.2899999999999636,0.0,0.0793,0,2.2106999999999637,
173,short,68111,2026-07-31 20:15:00,4045.6,4049.55,0.0,1.315528417521789,15.0,0.01,68124,2026-07-31 20:28:00,4049.55,SL,13,False,False,-3.950000000000273,-3.002595723048947,-3.950000000000273,0.0,0.0793,0,-4.029300000000273,
174,short,68125,2026-07-31 20:29:00,4049.65,4054.04,0.0,1.4634215195381488,15.0,0.01,68142,2026-07-31 20:46:00,4054.04,SL,17,False,False,-4.389999999999873,-2.9998192191306186,-4.389999999999873,0.0,0.0793,0,-4.469299999999873,
175,short,68250,2026-07-31 22:34:00,4050.12,4052.85,0.0,0.9110285475532012,15.0,0.01,68259,2026-07-31 22:43:00,4052.85,SL,9,False,False,-2.730000000000018,-2.9966130121082677,-2.730000000000018,0.0,0.0793,0,-2.809300000000018,
176,short,68260,2026-07-31 22:44:00,4053.27,4051.15,0.0,0.9919091366302825,15.0,0.01,68276,2026-07-31 23:00:00,4051.15,SL,16,False,True,2.119999999999891,2.137292541937826,2.119999999999891,0.0,0.0793,0,2.040699999999891,
177,short,68295,2026-07-31 23:19:00,4048.11,4051.72,0.0,1.2023927262544774,23.0,0.01,68311,2026-07-31 23:35:00,4051.72,SL,16,False,False,-3.6099999999996726,-3.0023468382456295,-3.6099999999996726,0.0,0.0793,0,-3.6892999999996725,
178,short,68318,2026-07-31 23:42:00,4052.09,4044.48,0.0,1.1422664248644123,23.0,0.01,68333,2026-07-31 23:57:00,4044.48,SL,15,False,True,7.610000000000127,6.662193542897349,7.610000000000127,0.0,0.0793,0,7.530700000000127,
