sleeve,direction,entry_time,exit_time,entry_price,exit_price,lots,atr_at_entry,stop_price,stop_dist,reason,reason_code,points,gross,r_multiple,entry_bar,exit_bar,ambiguous,event_window
fast,long,2022-02-22 04:00:00,2022-02-24 00:00:00,1909.27,1879.6264430107926,0.03,11.857422795682968,1879.6264430107926,29.64355698920742,EXIT_PROTECTIVE_STOP,4,-29.643556989207354,-88.93067096762206,-0.9999999999999979,219,230,True,
medium,long,2022-02-22 04:00:00,2022-02-24 00:00:00,1909.27,1879.6264430107926,0.03,11.857422795682968,1879.6264430107926,29.64355698920742,EXIT_PROTECTIVE_STOP,4,-29.643556989207354,-88.93067096762206,-0.9999999999999979,219,230,True,
slow,long,2022-02-22 04:00:00,2022-02-24 00:00:00,1909.27,1879.6264430107926,0.03,11.857422795682968,1879.6264430107926,29.64355698920742,EXIT_PROTECTIVE_STOP,4,-29.643556989207354,-88.93067096762206,-0.9999999999999979,219,230,True,
fast,long,2022-03-07 04:00:00,2022-03-10 04:00:00,1997.79,1974.6,0.02,18.647023187261777,1951.1724420318455,46.61755796815444,EXIT_CHANNEL,3,-23.190000000000055,-46.38000000000011,-0.4974520547781952,273,290,False,
medium,long,2022-03-07 04:00:00,2022-03-14 15:55:00,1997.79,1951.1724420318455,0.02,18.647023187261777,1951.1724420318455,46.61755796815444,EXIT_PROTECTIVE_STOP,4,-46.617557968154415,-93.23511593630883,-0.9999999999999994,273,305,True,
slow,long,2022-03-07 04:00:00,2022-03-14 15:55:00,1997.79,1951.1724420318455,0.02,18.647023187261777,1951.1724420318455,46.61755796815444,EXIT_PROTECTIVE_STOP,4,-46.617557968154415,-93.23511593630883,-0.9999999999999994,273,305,True,
fast,short,2022-03-15 04:00:00,2022-03-17 08:00:00,1941.01,1934.29,0.01,21.923640837598388,1995.819102093996,54.80910209399597,EXIT_CHANNEL,3,6.720000000000027,6.720000000000027,0.12260737255785414,309,321,False,
fast,long,2022-03-24 00:00:00,2022-03-29 00:00:00,1943.71,1913.258771837083,0.03,12.180491265166806,1913.258771837083,30.451228162917015,EXIT_PROTECTIVE_STOP,4,-30.451228162917005,-91.35368448875101,-0.9999999999999997,350,368,False,
fast,long,2022-04-18 04:00:00,2022-04-19 00:00:00,1987.42,1953.2800929643238,0.02,13.655962814270481,1953.2800929643238,34.1399070356762,EXIT_PROTECTIVE_STOP,4,-34.13990703567629,-68.27981407135258,-1.0000000000000024,447,452,True,
medium,long,2022-04-18 04:00:00,2022-04-19 00:00:00,1987.42,1953.2800929643238,0.02,13.655962814270481,1953.2800929643238,34.1399070356762,EXIT_PROTECTIVE_STOP,4,-34.13990703567629,-68.27981407135258,-1.0000000000000024,447,452,True,
slow,long,2022-04-18 04:00:00,2022-04-19 00:00:00,1987.42,1953.2800929643238,0.02,13.655962814270481,1953.2800929643238,34.1399070356762,EXIT_PROTECTIVE_STOP,4,-34.13990703567629,-68.27981407135258,-1.0000000000000024,447,452,True,
fast,short,2022-05-11 04:00:00,2022-05-23 04:00:00,1832.4,1852.36,0.02,15.733367672920627,1871.7334191823018,39.33341918230157,EXIT_CHANNEL,3,-19.95999999999981,-39.91999999999962,-0.5074565195435894,549,596,False,
medium,short,2022-05-11 04:00:00,2022-05-23 04:00:00,1832.4,1852.36,0.02,15.733367672920627,1871.7334191823018,39.33341918230157,EXIT_CHANNEL,3,-19.95999999999981,-39.91999999999962,-0.5074565195435894,549,596,False,
fast,long,2022-05-23 04:00:00,2022-05-31 04:00:00,1852.36,1846.31,0.02,13.564589822798167,1818.4485254430044,33.911474556995415,EXIT_CHANNEL,3,-6.0499999999999545,-12.099999999999909,-0.17840568949107913,597,632,False,
fast,short,2022-06-01 04:00:00,2022-06-02 00:00:00,1834.52,1862.120150091334,0.03,11.040060036533532,1862.120150091334,27.60015009133383,EXIT_PROTECTIVE_STOP,4,-27.600150091333944,-82.80045027400182,-1.0000000000000042,639,644,False,
slow,short,2022-05-11 04:00:00,2022-06-03 00:00:00,1832.4,1871.7334191823018,0.02,15.733367672920627,1871.7334191823018,39.33341918230157,EXIT_PROTECTIVE_STOP,4,-39.33341918230167,-78.66683836460334,-1.0000000000000024,549,650,False,
fast,long,2022-06-03 04:00:00,2022-06-06 00:00:00,1873.36,1844.7421866848288,0.03,11.447125326068454,1844.7421866848288,28.617813315171134,EXIT_PROTECTIVE_STOP,4,-28.617813315171134,-85.8534399455134,-1.0,651,656,True,
medium,long,2022-06-03 04:00:00,2022-06-06 00:00:00,1873.36,1844.7421866848288,0.03,11.447125326068454,1844.7421866848288,28.617813315171134,EXIT_PROTECTIVE_STOP,4,-28.617813315171134,-85.8534399455134,-1.0,651,656,True,
fast,long,2022-08-02 04:00:00,2022-08-03 04:00:00,1780.23,1756.66,0.03,12.068293706766244,1750.0592657330844,30.17073426691561,EXIT_CHANNEL,3,-23.569999999999936,-70.70999999999981,-0.7812206289538716,903,908,False,
medium,long,2022-08-02 04:00:00,2022-08-19 00:00:00,1780.23,1750.0592657330844,0.03,12.068293706766244,1750.0592657330844,30.17073426691561,EXIT_PROTECTIVE_STOP,4,-30.170734266915588,-90.51220280074675,-0.9999999999999993,903,980,False,
fast,short,2022-08-22 04:00:00,2022-09-06 04:00:00,1745.28,1723.89,0.03,10.16344579038321,1770.688614475958,25.408614475958025,EXIT_CHANNEL,3,21.389999999999873,64.16999999999962,0.8418404718698606,987,1052,False,
medium,short,2022-08-22 04:00:00,2022-09-06 04:00:00,1745.28,1723.89,0.03,10.16344579038321,1770.688614475958,25.408614475958025,EXIT_CHANNEL,3,21.389999999999873,64.16999999999962,0.8418404718698606,987,1052,False,
fast,long,2022-09-06 04:00:00,2022-09-07 00:00:00,1723.89,1699.0017359065146,0.03,9.955305637394211,1699.0017359065146,24.888264093485528,EXIT_PROTECTIVE_STOP,4,-24.88826409348553,-74.6647922804566,-1.0000000000000002,1053,1058,False,
slow,short,2022-09-01 04:00:00,2022-09-12 00:00:00,1705.95,1733.1001931634771,0.03,10.860077265390832,1733.1001931634771,27.150193163477077,EXIT_PROTECTIVE_STOP,4,-27.15019316347707,-81.45057949043121,-0.9999999999999998,1035,1076,False,
fast,short,2022-09-26 04:00:00,2022-09-30 00:00:00,1627.87,1666.0533807810968,0.02,15.2733523124388,1666.0533807810968,38.183380781097,EXIT_PROTECTIVE_STOP,4,-38.18338078109696,-76.36676156219391,-0.9999999999999989,1137,1160,True,
medium,short,2022-09-26 04:00:00,2022-09-30 00:00:00,1627.87,1666.0533807810968,0.02,15.2733523124388,1666.0533807810968,38.183380781097,EXIT_PROTECTIVE_STOP,4,-38.18338078109696,-76.36676156219391,-0.9999999999999989,1137,1160,True,
slow,short,2022-09-26 04:00:00,2022-09-30 00:00:00,1627.87,1666.0533807810968,0.02,15.2733523124388,1666.0533807810968,38.183380781097,EXIT_PROTECTIVE_STOP,4,-38.18338078109696,-76.36676156219391,-0.9999999999999989,1137,1160,True,
fast,short,2022-10-21 08:00:00,2022-10-21 19:01:00,1621.75,1651.9947757505315,0.03,12.097910300212627,1651.9947757505315,30.244775750531566,EXIT_PROTECTIVE_STOP,4,-30.244775750531517,-90.73432725159455,-0.9999999999999983,1252,1254,True,
medium,short,2022-10-21 08:00:00,2022-10-21 19:01:00,1621.75,1651.9947757505315,0.03,12.097910300212627,1651.9947757505315,30.244775750531566,EXIT_PROTECTIVE_STOP,4,-30.244775750531517,-90.73432725159455,-0.9999999999999983,1252,1254,True,
fast,long,2022-10-26 12:00:00,2022-10-28 12:00:00,1672.89,1650.5,0.03,10.909046084330692,1645.6173847891735,27.27261521082673,EXIT_CHANNEL,3,-22.3900000000001,-67.1700000000003,-0.8209700399803126,1271,1282,False,
fast,short,2022-11-03 12:00:00,2022-11-04 07:15:00,1623.99,1647.7585086266693,0.04,9.507403450667674,1647.7585086266693,23.768508626669185,EXIT_PROTECTIVE_STOP,4,-23.768508626669245,-95.07403450667698,-1.0000000000000024,1307,1311,False,
fast,long,2022-11-08 20:00:00,2022-11-17 08:00:00,1714.84,1762.93,0.03,10.596971528124948,1688.3475711796875,26.49242882031237,EXIT_CHANNEL,3,48.090000000000146,144.27000000000044,1.8152356028273409,1327,1365,False,
medium,long,2022-11-08 20:00:00,2022-11-18 20:00:00,1714.84,1751.16,0.03,10.596971528124948,1688.3475711796875,26.49242882031237,EXIT_CHANNEL,3,36.320000000000164,108.96000000000048,1.3709577270677713,1327,1374,False,
slow,long,2022-11-08 20:00:00,2022-11-21 20:00:00,1714.84,1736.5,0.03,10.596971528124948,1688.3475711796875,26.49242882031237,EXIT_CHANNEL,3,21.660000000000082,64.98000000000025,0.8175920806246669,1327,1380,False,
fast,short,2022-11-21 04:00:00,2022-11-24 04:00:00,1746.13,1755.41,0.04,8.7981304581696,1768.1253261454242,21.995326145424002,EXIT_CHANNEL,3,-9.279999999999973,-37.11999999999989,-0.42190781526240845,1377,1394,False,
fast,long,2022-12-01 00:00:00,2022-12-05 20:00:00,1768.72,1769.71,0.04,9.008107421568264,1746.1997314460793,22.52026855392066,EXIT_CHANNEL,3,0.9900000000000091,3.9600000000000364,0.043960399389982203,1424,1440,False,
fast,long,2022-12-09 16:00:00,2022-12-12 20:00:00,1797.84,1782.9,0.04,8.62081490429397,1776.287962739265,21.552037260734927,EXIT_CHANNEL,3,-14.939999999999827,-59.759999999999316,-0.6932059284816943,1464,1470,False,
fast,long,2022-12-13 16:00:00,2022-12-15 09:51:00,1810.87,1788.104993998465,0.04,9.106002400613907,1788.104993998465,22.765006001534765,EXIT_PROTECTIVE_STOP,4,-22.765006001534857,-91.06002400613943,-1.000000000000004,1476,1486,False,
fast,long,2022-12-20 20:00:00,2022-12-22 16:00:00,1817.9,1807.68,0.04,9.585484442285905,1793.9362888942853,23.96371110571476,EXIT_CHANNEL,3,-10.220000000000027,-40.88000000000011,-0.4264781842392853,1507,1517,False,
fast,long,2023-01-03 08:00:00,2023-01-05 16:00:00,1840.26,1834.6,0.04,8.262972913128461,1819.6025677171788,20.657432282821155,EXIT_CHANNEL,3,-5.660000000000082,-22.640000000000327,-0.27399339484738244,1552,1565,False,
fast,long,2023-01-09 04:00:00,2023-01-18 08:00:00,1874.28,1897.86,0.03,10.338209879086536,1848.4344753022835,25.84552469771634,EXIT_CHANNEL,3,23.579999999999927,70.73999999999978,0.9123436368882621,1575,1617,False,
fast,long,2023-01-20 00:00:00,2023-01-31 10:30:00,1931.91,1906.5024577240902,0.03,10.163016910363922,1906.5024577240902,25.407542275909805,EXIT_PROTECTIVE_STOP,4,-25.40754227590992,-76.22262682772975,-1.0000000000000044,1628,1672,False,
medium,long,2022-12-01 00:00:00,2023-01-31 12:00:00,1768.72,1903.76,0.04,9.008107421568264,1746.1997314460793,22.52026855392066,EXIT_CHANNEL,3,135.03999999999996,540.1599999999999,5.996376094568829,1424,1672,False,
slow,long,2022-12-01 16:00:00,2023-01-31 12:00:00,1789.3,1903.76,0.04,9.54250748303872,1765.443731292403,23.8562687075968,EXIT_CHANNEL,3,114.46000000000004,457.8400000000001,4.797900350759854,1428,1672,False,
fast,short,2023-01-31 12:00:00,2023-01-31 17:40:00,1903.76,1927.6609543230943,0.04,9.560381729237708,1927.6609543230943,23.90095432309427,EXIT_PROTECTIVE_STOP,4,-23.90095432309431,-95.60381729237724,-1.0000000000000018,1673,1674,False,
fast,long,2023-02-02 00:00:00,2023-02-02 16:56:00,1950.78,1924.625510385242,0.03,10.46179584590314,1924.625510385242,26.15448961475785,EXIT_PROTECTIVE_STOP,4,-26.15448961475795,-78.46346884427385,-1.0000000000000038,1682,1686,True,
medium,long,2023-02-02 00:00:00,2023-02-02 16:56:00,1950.78,1924.625510385242,0.03,10.46179584590314,1924.625510385242,26.15448961475785,EXIT_PROTECTIVE_STOP,4,-26.15448961475795,-78.46346884427385,-1.0000000000000038,1682,1686,True,
slow,long,2023-02-02 00:00:00,2023-02-02 16:56:00,1950.78,1924.625510385242,0.03,10.46179584590314,1924.625510385242,26.15448961475785,EXIT_PROTECTIVE_STOP,4,-26.15448961475795,-78.46346884427385,-1.0000000000000038,1682,1686,True,
fast,short,2023-02-03 16:00:00,2023-02-08 12:00:00,1886.7,1885.89,0.03,11.657161069982516,1915.8429026749563,29.14290267495629,EXIT_CHANNEL,3,0.8099999999999454,2.4299999999998363,0.027794074222263803,1692,1708,False,
medium,short,2023-02-03 16:00:00,2023-02-09 16:00:00,1886.7,1889.48,0.03,11.657161069982516,1915.8429026749563,29.14290267495629,EXIT_CHANNEL,3,-2.7799999999999727,-8.339999999999918,-0.09539200782456521,1692,1715,False,
fast,long,2023-02-09 16:00:00,2023-02-09 19:43:00,1889.48,1864.151209150409,0.03,10.131516339836402,1864.151209150409,25.328790849591005,EXIT_PROTECTIVE_STOP,4,-25.328790849591087,-75.98637254877326,-1.0000000000000033,1716,1716,False,
fast,short,2023-02-10 00:00:00,2023-02-28 20:00:00,1861.68,1829.19,0.03,10.969268496702348,1889.103171241756,27.42317124175587,EXIT_CHANNEL,3,32.49000000000001,97.47000000000003,1.1847645085820393,1718,1794,False,
medium,short,2023-02-13 20:00:00,2023-03-03 12:00:00,1851.49,1845.72,0.03,10.11823766848984,1876.7855941712246,25.2955941712246,EXIT_CHANNEL,3,5.769999999999982,17.309999999999945,0.2281029637391849,1729,1810,False,
slow,short,2023-02-13 20:00:00,2023-03-03 12:00:00,1851.49,1845.72,0.03,10.11823766848984,1876.7855941712246,25.2955941712246,EXIT_CHANNEL,3,5.769999999999982,17.309999999999945,0.2281029637391849,1729,1810,False,
fast,long,2023-03-03 12:00:00,2023-03-07 16:00:00,1845.72,1835.38,0.05,7.044449760066041,1828.1088755998348,17.611124400165103,EXIT_CHANNEL,3,-10.339999999999918,-51.69999999999959,-0.587128894501647,1811,1823,False,
fast,short,2023-03-07 20:00:00,2023-03-09 16:00:00,1816.95,1825.08,0.05,7.552776214357122,1835.831940535893,18.881940535892806,EXIT_CHANNEL,3,-8.129999999999882,-40.64999999999941,-0.43057015165075385,1825,1835,False,
fast,long,2023-03-13 04:00:00,2023-03-21 16:00:00,1872.9,1952.9,0.04,9.136431929447008,1850.0589201763826,22.84107982361752,EXIT_CHANNEL,3,80.0,320.0,3.5024613817635957,1845,1883,False,
fast,long,2023-03-30 20:00:00,2023-04-03 05:51:00,1983.08,1955.9249480222627,0.03,10.862020791094917,1955.9249480222627,27.155051977737294,EXIT_PROTECTIVE_STOP,4,-27.15505197773723,-81.46515593321169,-0.9999999999999977,1927,1935,False,
medium,long,2023-03-13 04:00:00,2023-04-03 08:00:00,1872.9,1952.43,0.04,9.136431929447008,1850.0589201763826,22.84107982361752,EXIT_CHANNEL,3,79.52999999999997,318.1199999999999,3.4818844211457334,1845,1935,False,
fast,short,2023-04-03 08:00:00,2023-04-03 15:03:00,1952.43,1979.0332267953613,0.03,10.641290718144546,1979.0332267953613,26.603226795361365,EXIT_PROTECTIVE_STOP,4,-26.603226795361252,-79.80968038608374,-0.9999999999999958,1936,1937,False,
fast,long,2023-04-04 20:00:00,2023-04-10 01:00:00,2020.67,1991.1337459779172,0.03,11.814501608833142,1991.1337459779172,29.536254022082854,EXIT_PROTECTIVE_STOP,4,-29.536254022082858,-88.60876206624857,-1.0000000000000002,1945,1958,True,
medium,long,2023-04-04 20:00:00,2023-04-10 01:00:00,2020.67,1991.1337459779172,0.03,11.814501608833142,1991.1337459779172,29.536254022082854,EXIT_PROTECTIVE_STOP,4,-29.536254022082858,-88.60876206624857,-1.0000000000000002,1945,1958,True,
medium,long,2023-04-13 16:00:00,2023-04-14 17:05:00,2044.98,2016.64654649127,0.03,11.333381403492004,2016.64654649127,28.33345350873001,EXIT_PROTECTIVE_STOP,4,-28.333453508729917,-85.00036052618974,-0.9999999999999968,1980,1986,False,
fast,long,2023-04-12 16:00:00,2023-04-14 18:03:00,2022.21,1995.5295499966571,0.03,10.672180001337143,1995.5295499966571,26.680450003342855,EXIT_PROTECTIVE_STOP,4,-26.680450003342912,-80.04135001002874,-1.0000000000000022,1974,1986,False,
slow,long,2023-03-13 04:00:00,2023-04-19 12:00:00,1872.9,1979.93,0.04,9.136431929447008,1850.0589201763826,22.84107982361752,EXIT_CHANNEL,3,107.02999999999997,428.11999999999995,4.685855521126969,1845,2002,False,
medium,short,2023-04-19 12:00:00,2023-04-20 15:32:00,1979.93,2008.9086412897575,0.03,11.59145651590294,2008.9086412897575,28.978641289757352,EXIT_PROTECTIVE_STOP,4,-28.978641289757434,-86.9359238692723,-1.0000000000000029,2003,2009,False,
fast,short,2023-04-17 20:00:00,2023-05-01 16:00:00,1991.45,2003.98,0.03,12.698240276560051,2023.1956006914002,31.745600691400128,EXIT_CHANNEL,3,-12.529999999999973,-37.58999999999992,-0.3947003593286658,1993,2051,False,
slow,long,2023-05-04 04:00:00,2023-05-05 15:30:00,2054.28,2022.5820536679532,0.03,12.679178532818753,2022.5820536679532,31.697946332046882,EXIT_PROTECTIVE_STOP,4,-31.697946332046968,-95.0938389961409,-1.0000000000000027,2067,2075,False,
fast,long,2023-05-02 20:00:00,2023-05-05 16:00:00,2014.99,2010.22,0.03,11.381347436185473,1986.5366314095363,28.453368590463683,EXIT_CHANNEL,3,-4.769999999999982,-14.309999999999945,-0.1676427163565679,2059,2075,False,
medium,long,2023-05-02 20:00:00,2023-05-11 20:00:00,2014.99,2015.57,0.03,11.381347436185473,1986.5366314095363,28.453368590463683,EXIT_CHANNEL,3,0.5799999999999272,1.7399999999997817,0.020384229661802426,2059,2100,False,
fast,short,2023-05-11 20:00:00,2023-05-30 16:00:00,2015.57,1956.37,0.03,11.882713635492296,2045.2767840887307,29.70678408873074,EXIT_CHANNEL,3,59.200000000000045,177.60000000000014,1.9928107944359266,2101,2177,False,
medium,short,2023-05-16 20:00:00,2023-06-01 20:00:00,1987.51,1978.34,0.03,10.50934345227316,2013.7833586306829,26.2733586306829,EXIT_CHANNEL,3,9.170000000000073,27.51000000000022,0.3490227545286518,2119,2190,False,
fast,long,2023-06-01 20:00:00,2023-06-02 19:36:00,1978.34,1955.0110472555857,0.04,9.331581097765673,1955.0110472555857,23.32895274441418,EXIT_PROTECTIVE_STOP,4,-23.32895274441421,-93.31581097765684,-1.000000000000001,2191,2196,False,
fast,short,2023-06-05 04:00:00,2023-06-07 16:55:00,1946.39,1969.3661926865398,0.04,9.190477074615895,1969.3661926865398,22.97619268653974,EXIT_PROTECTIVE_STOP,4,-22.97619268653966,-91.90477074615865,-0.9999999999999966,2199,2214,False,
medium,short,2023-06-15 08:00:00,2023-06-15 17:07:00,1934.39,1956.6404989296286,0.04,8.900199571851438,1956.6404989296286,22.250498929628595,EXIT_PROTECTIVE_STOP,4,-22.25049892962852,-89.00199571851408,-0.9999999999999967,2248,2250,False,
fast,short,2023-06-15 04:00:00,2023-06-16 04:47:00,1939.12,1961.6336830838195,0.04,9.005473233527825,1961.6336830838195,22.51368308381956,EXIT_PROTECTIVE_STOP,4,-22.513683083819615,-90.05473233527846,-1.0000000000000024,2247,2253,False,
fast,short,2023-06-22 20:00:00,2023-06-23 16:30:00,1915.43,1935.160262099195,0.04,7.892104839677955,1935.160262099195,19.73026209919489,EXIT_PROTECTIVE_STOP,4,-19.730262099194988,-78.92104839677995,-1.000000000000005,2281,2286,True,
medium,short,2023-06-22 20:00:00,2023-06-23 16:30:00,1915.43,1935.160262099195,0.04,7.892104839677955,1935.160262099195,19.73026209919489,EXIT_PROTECTIVE_STOP,4,-19.730262099194988,-78.92104839677995,-1.000000000000005,2281,2286,True,
fast,short,2023-06-28 12:00:00,2023-06-30 20:00:00,1909.8,1919.93,0.05,7.585655885029672,1928.7641397125742,18.96413971257418,EXIT_CHANNEL,3,-10.13000000000011,-50.65000000000055,-0.5341660709915256,2303,2316,False,
medium,short,2023-06-28 12:00:00,2023-07-03 17:00:00,1909.8,1928.7641397125742,0.05,7.585655885029672,1928.7641397125742,18.96413971257418,EXIT_PROTECTIVE_STOP,4,-18.96413971257425,-94.82069856287126,-1.0000000000000038,2303,2322,False,
fast,short,2023-07-06 16:00:00,2023-07-07 15:30:00,1906.25,1924.7368583097405,0.05,7.394743323896186,1924.7368583097405,18.486858309740466,EXIT_PROTECTIVE_STOP,4,-18.486858309740455,-92.43429154870229,-0.9999999999999994,2340,2345,False,
slow,short,2023-05-18 16:00:00,2023-07-11 12:00:00,1966.89,1936.58,0.04,9.061670737108932,1989.5441768427725,22.65417684277233,EXIT_CHANNEL,3,30.310000000000173,121.2400000000007,1.3379431179672452,2130,2356,False,
fast,long,2023-07-11 12:00:00,2023-07-17 16:00:00,1936.58,1948.59,0.05,7.358015720146054,1918.1849606996348,18.395039300365134,EXIT_CHANNEL,3,12.009999999999991,60.04999999999996,0.6528934134846669,2357,2381,False,
fast,long,2023-07-18 16:00:00,2023-07-20 20:00:00,1968.64,1967.88,0.05,7.1289152246485274,1950.8177119383788,17.822288061621318,EXIT_CHANNEL,3,-0.7599999999999909,-3.799999999999955,-0.042643233987255655,2388,2400,False,
medium,long,2023-07-11 12:00:00,2023-07-25 00:00:00,1936.58,1954.76,0.05,7.358015720146054,1918.1849606996348,18.395039300365134,EXIT_CHANNEL,3,18.180000000000064,90.90000000000032,0.9883099298210903,2357,2413,False,
fast,short,2023-07-25 00:00:00,2023-07-26 12:00:00,1954.76,1971.99,0.05,7.270681547048182,1972.9367038676205,18.176703867620454,EXIT_CHANNEL,3,-17.230000000000018,-86.15000000000009,-0.947916636893289,2414,2422,False,
slow,long,2023-07-18 16:00:00,2023-07-27 16:36:00,1968.64,1950.8177119383788,0.05,7.1289152246485274,1950.8177119383788,17.822288061621318,EXIT_PROTECTIVE_STOP,4,-17.822288061621293,-89.11144030810647,-0.9999999999999986,2388,2430,False,
fast,short,2023-07-27 20:00:00,2023-07-31 15:40:00,1944.12,1965.5501837407567,0.04,8.572073496302703,1965.5501837407567,21.43018374075676,EXIT_PROTECTIVE_STOP,4,-21.430183740756775,-85.7207349630271,-1.0000000000000007,2431,2441,True,
medium,short,2023-07-27 20:00:00,2023-07-31 15:40:00,1944.12,1965.5501837407567,0.04,8.572073496302703,1965.5501837407567,21.43018374075676,EXIT_PROTECTIVE_STOP,4,-21.430183740756775,-85.7207349630271,-1.0000000000000007,2431,2441,True,
fast,short,2023-08-02 20:00:00,2023-08-21 16:00:00,1935.59,1897.06,0.04,8.199925461152215,1956.0898136528804,20.49981365288054,EXIT_CHANNEL,3,38.52999999999997,154.1199999999999,1.8795292802374286,2455,2531,False,
medium,short,2023-08-02 20:00:00,2023-08-23 20:00:00,1935.59,1919.57,0.04,8.199925461152215,1956.0898136528804,20.49981365288054,EXIT_CHANNEL,3,16.019999999999982,64.07999999999993,0.7814705182819516,2455,2544,False,
slow,short,2023-08-09 20:00:00,2023-08-23 20:00:00,1916.2,1919.57,0.05,6.7684410992603,1933.1211027481509,16.921102748150748,EXIT_CHANNEL,3,-3.369999999999891,-16.849999999999454,-0.19915959675667044,2485,2544,False,
medium,long,2023-08-24 08:00:00,2023-08-25 17:45:00,1920.87,1904.8856823370118,0.06,6.3937270651952876,1904.8856823370118,15.984317662988218,EXIT_PROTECTIVE_STOP,4,-15.984317662988133,-95.9059059779288,-0.9999999999999947,2548,2556,False,
fast,long,2023-08-23 20:00:00,2023-08-25 20:00:00,1919.57,1909.88,0.05,6.652957650030942,1902.9376058749226,16.632394125077354,EXIT_CHANNEL,3,-9.689999999999827,-48.449999999999136,-0.5825980269064097,2545,2556,False,
slow,long,2023-09-01 16:00:00,2023-09-01 17:29:00,1949.81,1935.8825010009352,0.07,5.5709995996258455,1935.8825010009352,13.927498999064614,EXIT_PROTECTIVE_STOP,4,-13.92749899906471,-97.49249299345298,-1.0000000000000069,2586,2586,False,
fast,long,2023-08-29 20:00:00,2023-09-01 20:00:00,1936.2,1938.09,0.05,6.788348862789793,1919.2291278430255,16.970872156974483,EXIT_CHANNEL,3,1.8899999999998727,9.449999999999365,0.11136728758062935,2569,2586,False,
medium,long,2023-08-29 20:00:00,2023-09-05 12:00:00,1936.2,1933.32,0.05,6.788348862789793,1919.2291278430255,16.970872156974483,EXIT_CHANNEL,3,-2.880000000000109,-14.400000000000546,-0.16970253345621497,2569,2596,False,
fast,short,2023-09-05 12:00:00,2023-09-15 08:00:00,1933.32,1916.07,0.07,5.169062428624182,1946.2426560715603,12.922656071560453,EXIT_CHANNEL,3,17.25,120.75,1.3348648996364574,2597,2643,False,
medium,short,2023-09-12 16:00:00,2023-09-15 16:16:00,1909.59,1923.0723581700158,0.07,5.392943268006368,1923.0723581700158,13.482358170015921,EXIT_PROTECTIVE_STOP,4,-13.482358170015914,-94.3765071901114,-0.9999999999999994,2628,2646,False,
fast,long,2023-09-18 20:00:00,2023-09-21 04:00:00,1930.99,1924.84,0.06,5.623887740089995,1916.930280649775,14.059719350224988,EXIT_CHANNEL,3,-6.150000000000091,-36.900000000000546,-0.4374198265843533,2653,2666,False,
medium,long,2023-09-19 16:00:00,2023-09-21 11:56:00,1935.73,1923.0098437426961,0.07,5.088062502921581,1923.0098437426961,12.720156257303952,EXIT_PROTECTIVE_STOP,4,-12.72015625730387,-89.0410938011271,-0.9999999999999936,2658,2668,False,
fast,short,2023-09-21 16:00:00,2023-10-06 20:00:00,1916.41,1829.19,0.06,6.280342797131718,1932.1108569928294,15.700856992829294,EXIT_CHANNEL,3,87.22000000000003,523.3200000000002,5.555110784069563,2670,2736,False,
medium,short,2023-09-27 00:00:00,2023-10-09 04:00:00,1900.19,1852.23,0.07,5.488192177304404,1913.9104804432611,13.72048044326101,EXIT_CHANNEL,3,47.960000000000036,335.7200000000003,3.495504417526152,2690,2738,False,
slow,short,2023-09-27 00:00:00,2023-10-11 12:00:00,1900.19,1869.55,0.07,5.488192177304404,1913.9104804432611,13.72048044326101,EXIT_CHANNEL,3,30.6400000000001,214.4800000000007,2.233157951480433,2690,2752,False,
fast,long,2023-10-09 04:00:00,2023-10-31 20:00:00,1852.23,1984.13,0.04,8.59743733890401,1830.73640665274,21.493593347260024,EXIT_CHANNEL,3,131.9000000000001,527.6000000000004,6.13671236209624,2739,2838,False,
medium,long,2023-10-12 12:00:00,2023-11-07 12:00:00,1880.3,1966.31,0.05,7.025202606632861,1862.7369934834178,17.563006516582153,EXIT_CHANNEL,3,86.00999999999999,430.04999999999995,4.897225308138071,2759,2866,False,
slow,long,2023-10-18 16:00:00,2023-11-07 12:00:00,1948.82,1966.31,0.04,8.882802924542393,1926.612992688644,22.20700731135598,EXIT_CHANNEL,3,17.49000000000001,69.96000000000004,0.787589239503522,2784,2866,False,
fast,short,2023-11-07 12:00:00,2023-11-14 16:00:00,1966.31,1954.23,0.05,7.950749536531365,1986.1868738413284,19.87687384132841,EXIT_CHANNEL,3,12.079999999999927,60.39999999999964,0.6077414434699957,2867,2897,False,
medium,short,2023-11-08 20:00:00,2023-11-15 12:00:00,1953.73,1971.45,0.05,7.828134032677035,1973.3003350816925,19.570335081692587,EXIT_CHANNEL,3,-17.720000000000027,-88.60000000000015,-0.9054520490339745,2875,2902,False,
fast,long,2023-11-15 12:00:00,2023-11-20 16:00:00,1971.45,1968.28,0.05,7.394713621030792,1952.9632159474231,18.48678405257698,EXIT_CHANNEL,3,-3.1700000000000728,-15.850000000000364,-0.17147384807354787,2903,2921,False,
fast,long,2023-11-21 16:00:00,2023-12-04 20:00:00,1997.64,2026.01,0.04,8.367658064148907,1976.720854839628,20.919145160372267,EXIT_CHANNEL,3,28.36999999999989,113.47999999999956,1.3561739632526664,2928,2982,False,
medium,long,2023-11-21 16:00:00,2023-12-04 20:00:00,1997.64,2026.01,0.04,8.367658064148907,1976.720854839628,20.919145160372267,EXIT_CHANNEL,3,28.36999999999989,113.47999999999956,1.3561739632526664,2928,2982,False,
fast,short,2023-12-04 20:00:00,2023-12-07 16:00:00,2026.01,2037.17,0.02,14.353992814919593,2061.894982037299,35.88498203729898,EXIT_CHANNEL,3,-11.160000000000082,-22.320000000000164,-0.3109936069746485,2983,2999,False,
slow,long,2023-11-27 04:00:00,2023-12-08 19:16:00,2012.0,1994.9406590688952,0.05,6.823736372441949,1994.9406590688952,17.05934093110487,EXIT_PROTECTIVE_STOP,4,-17.05934093110477,-85.29670465552385,-0.9999999999999941,2949,3006,False,
fast,short,2023-12-11 12:00:00,2023-12-13 22:21:00,1993.45,2020.55,0.03,10.813546324030623,2020.4838658100766,27.03386581007656,EXIT_STOP_GAP,8,-27.09999999999991,-81.29999999999973,-1.0024463460160662,3011,3025,True,
medium,short,2023-12-11 12:00:00,2023-12-13 22:21:00,1993.45,2020.55,0.03,10.813546324030623,2020.4838658100766,27.03386581007656,EXIT_STOP_GAP,8,-27.09999999999991,-81.29999999999973,-1.0024463460160662,3011,3025,True,
fast,long,2023-12-14 04:00:00,2023-12-18 00:00:00,2032.43,2019.68,0.03,11.45100710540633,2003.8024822364841,28.627517763515826,EXIT_CHANNEL,3,-12.75,-38.25,-0.445375673340745,3027,3037,False,
fast,long,2023-12-22 04:00:00,2023-12-29 16:00:00,2048.62,2059.14,0.04,8.665729587017339,2026.9556760324565,21.664323967543346,EXIT_CHANNEL,3,10.519999999999982,42.07999999999993,0.48559096585523,3063,3088,False,
medium,long,2023-12-22 04:00:00,2024-01-03 16:00:00,2048.62,2040.98,0.04,8.665729587017339,2026.9556760324565,21.664323967543346,EXIT_CHANNEL,3,-7.639999999999873,-30.559999999999494,-0.35265351512679677,3063,3100,False,
fast,short,2024-01-03 16:00:00,2024-01-05 17:26:00,2040.98,2063.9334373628494,0.04,9.181374945139844,2063.9334373628494,22.95343736284961,EXIT_PROTECTIVE_STOP,4,-22.9534373628494,-91.8137494513976,-0.9999999999999909,3101,3113,False,
fast,short,2024-01-08 16:00:00,2024-01-11 15:30:00,2018.96,2043.7428042159577,0.03,9.913121686383027,2043.7428042159577,24.78280421595757,EXIT_PROTECTIVE_STOP,4,-24.78280421595764,-74.34841264787292,-1.0000000000000029,3119,3136,True,
medium,short,2024-01-08 16:00:00,2024-01-11 15:30:00,2018.96,2043.7428042159577,0.03,9.913121686383027,2043.7428042159577,24.78280421595757,EXIT_PROTECTIVE_STOP,4,-24.78280421595764,-74.34841264787292,-1.0000000000000029,3119,3136,True,
fast,short,2024-01-11 20:00:00,2024-01-12 10:07:00,2014.36,2039.4805364262133,0.03,10.048214570485364,2039.4805364262133,25.12053642621341,EXIT_PROTECTIVE_STOP,4,-25.120536426213448,-75.36160927864034,-1.0000000000000016,3138,3141,True,
medium,short,2024-01-11 20:00:00,2024-01-12 10:07:00,2014.36,2039.4805364262133,0.03,10.048214570485364,2039.4805364262133,25.12053642621341,EXIT_PROTECTIVE_STOP,4,-25.120536426213448,-75.36160927864034,-1.0000000000000016,3138,3141,True,
fast,long,2024-01-12 16:00:00,2024-01-16 12:00:00,2056.15,2041.34,0.03,10.126913056176328,2030.8327173595592,25.31728264044082,EXIT_CHANNEL,3,-14.810000000000173,-44.43000000000052,-0.5849758921734858,3143,3153,False,
fast,short,2024-01-17 20:00:00,2024-01-19 12:00:00,2007.05,2029.8,0.04,9.862535168292538,2031.7063379207314,24.656337920731346,EXIT_CHANNEL,3,-22.75,-91.0,-0.9226836553400546,3162,3171,False,
medium,short,2024-01-17 20:00:00,2024-01-19 13:40:00,2007.05,2031.7063379207314,0.04,9.862535168292538,2031.7063379207314,24.656337920731346,EXIT_PROTECTIVE_STOP,4,-24.656337920731403,-98.62535168292561,-1.0000000000000022,3162,3172,True,
slow,short,2024-01-17 20:00:00,2024-01-19 13:40:00,2007.05,2031.7063379207314,0.04,9.862535168292538,2031.7063379207314,24.656337920731346,EXIT_PROTECTIVE_STOP,4,-24.656337920731403,-98.62535168292561,-1.0000000000000022,3162,3172,True,
medium,long,2024-01-31 20:00:00,2024-02-02 16:03:00,2049.62,2029.0416799033112,0.04,8.2313280386755,2029.0416799033112,20.57832009668875,EXIT_PROTECTIVE_STOP,4,-20.578320096688685,-82.31328038675474,-0.9999999999999969,3222,3233,False,
fast,long,2024-01-29 16:00:00,2024-02-05 12:00:00,2036.87,2022.69,0.04,8.02256567136976,2016.8135858215755,20.0564141784244,EXIT_CHANNEL,3,-14.179999999999836,-56.719999999999345,-0.7070057425945017,3209,3237,False,
fast,short,2024-02-05 12:00:00,2024-02-15 16:00:00,2022.69,2003.84,0.04,9.440739452554798,2046.291848631387,23.601848631386993,EXIT_CHANNEL,3,18.850000000000136,75.40000000000055,0.798666252563471,3238,3286,False,
slow,short,2024-02-13 20:00:00,2024-02-16 19:55:00,1993.68,2014.3066433348454,0.04,8.250657333938165,2014.3066433348454,20.62664333484541,EXIT_PROTECTIVE_STOP,4,-20.626643334845312,-82.50657333938125,-0.9999999999999952,3276,3293,False,
medium,short,2024-02-13 16:00:00,2024-02-19 04:00:00,2004.4,2019.79,0.05,7.851744562040166,2024.0293614051004,19.629361405100415,EXIT_CHANNEL,3,-15.389999999999873,-76.94999999999936,-0.7840295811152062,3275,3295,False,
fast,long,2024-02-19 04:00:00,2024-02-23 12:00:00,2019.79,2016.76,0.05,7.380804003482671,2001.3379899912934,18.45201000870668,EXIT_CHANNEL,3,-3.0299999999999727,-15.149999999999864,-0.16420975268115784,3296,3321,False,
fast,long,2024-02-29 16:00:00,2024-03-12 16:00:00,2047.65,2160.43,0.05,6.562903627219281,2031.2427409319519,16.407259068048205,EXIT_CHANNEL,3,112.77999999999975,563.8999999999987,6.873786750867461,3347,3394,False,
medium,long,2024-02-29 16:00:00,2024-03-18 08:00:00,2047.65,2147.08,0.05,6.562903627219281,2031.2427409319519,16.407259068048205,EXIT_CHANNEL,3,99.42999999999984,497.1499999999992,6.060122509653768,3347,3416,False,
slow,long,2024-03-04 16:00:00,2024-03-18 08:00:00,2091.68,2147.08,0.04,8.012417470353515,2071.648956324116,20.031043675883787,EXIT_CHANNEL,3,55.40000000000009,221.60000000000036,2.7657071142378107,3359,3416,False,
fast,short,2024-03-18 08:00:00,2024-03-20 20:03:00,2147.08,2170.0580174470047,0.04,9.191206978801816,2170.0580174470047,22.97801744700454,EXIT_PROTECTIVE_STOP,4,-22.97801744700473,-91.91206978801893,-1.0000000000000084,3417,3432,False,
medium,long,2024-03-21 04:00:00,2024-03-21 16:26:00,2204.84,2178.420418079739,0.03,10.567832768104427,2178.420418079739,26.419581920261066,EXIT_PROTECTIVE_STOP,4,-26.419581920260953,-79.25874576078286,-0.9999999999999957,3434,3437,True,
slow,long,2024-03-21 04:00:00,2024-03-21 16:26:00,2204.84,2178.420418079739,0.03,10.567832768104427,2178.420418079739,26.419581920261066,EXIT_PROTECTIVE_STOP,4,-26.419581920260953,-79.25874576078286,-0.9999999999999957,3434,3437,True,
fast,long,2024-03-21 00:00:00,2024-03-22 09:22:00,2186.69,2163.7035979786724,0.04,9.194560808530984,2163.7035979786724,22.986402021327457,EXIT_PROTECTIVE_STOP,4,-22.98640202132765,-91.9456080853106,-1.0000000000000084,3433,3441,False,
fast,long,2024-03-28 16:00:00,2024-04-22 12:00:00,2206.95,2359.6,0.03,11.186598807612404,2178.9835029809688,27.96649701903101,EXIT_CHANNEL,3,152.6500000000001,457.9500000000002,5.458316781544818,3467,3561,False,
medium,long,2024-04-01 00:00:00,2024-04-22 16:00:00,2241.17,2336.85,0.03,12.004430423870216,2211.1589239403247,30.011076059675542,EXIT_CHANNEL,3,95.67999999999984,287.0399999999995,3.1881562597004147,3469,3562,False,
slow,long,2024-04-01 00:00:00,2024-04-23 08:00:00,2241.17,2305.51,0.03,12.004430423870216,2211.1589239403247,30.011076059675542,EXIT_CHANNEL,3,64.34000000000015,193.02000000000044,2.143875143699054,3469,3566,False,
fast,short,2024-04-22 16:00:00,2024-04-26 12:00:00,2336.85,2347.02,0.02,19.123572129720408,2384.658930324301,47.808930324301016,EXIT_CHANNEL,3,-10.170000000000073,-20.340000000000146,-0.2127217641351561,3563,3585,False,
medium,short,2024-04-23 08:00:00,2024-04-26 12:00:00,2305.51,2347.02,0.02,18.931063646983066,2352.837659117458,47.327659117457664,EXIT_CHANNEL,3,-41.50999999999976,-83.01999999999953,-0.8770769730440365,3567,3585,False,
fast,long,2024-04-26 12:00:00,2024-04-30 12:00:00,2347.02,2312.79,0.02,16.10293869939782,2306.7626532515055,40.257346748494555,EXIT_CHANNEL,3,-34.23000000000002,-68.46000000000004,-0.8502795828510499,3586,3597,False,
medium,short,2024-05-01 00:00:00,2024-05-01 21:43:00,2286.24,2323.519263062576,0.02,14.911705225030515,2323.519263062576,37.279263062576284,EXIT_PROTECTIVE_STOP,4,-37.27926306257632,-74.55852612515264,-1.0000000000000009,3601,3606,False,
fast,short,2024-04-30 20:00:00,2024-05-09 16:00:00,2294.71,2326.7,0.02,15.036005500032113,2332.3000137500803,37.59001375008028,EXIT_CHANNEL,3,-31.98999999999978,-63.979999999999556,-0.851023897269297,3600,3640,False,
fast,long,2024-05-10 00:00:00,2024-05-13 20:00:00,2346.03,2336.74,0.02,13.468895285499448,2312.3577617862516,33.67223821374862,EXIT_CHANNEL,3,-9.290000000000418,-18.580000000000837,-0.27589493579334573,3643,3653,False,
slow,long,2024-05-20 04:00:00,2024-05-22 17:14:00,2425.4,2394.9015009748346,0.03,12.199399610066296,2394.9015009748346,30.49849902516574,EXIT_PROTECTIVE_STOP,4,-30.49849902516553,-91.49549707549657,-0.9999999999999931,3680,3695,False,
fast,long,2024-05-15 20:00:00,2024-05-22 20:00:00,2383.68,2391.94,0.03,12.971064120019308,2351.2523396999513,32.427660300048274,EXIT_CHANNEL,3,8.260000000000218,24.780000000000655,0.2547208131444476,3666,3695,False,
medium,long,2024-05-10 04:00:00,2024-05-23 00:00:00,2347.64,2379.31,0.03,12.982950521224476,2315.1826236969387,32.45737630306119,EXIT_CHANNEL,3,31.670000000000073,95.01000000000022,0.9757412214804665,3644,3696,False,
fast,short,2024-05-23 00:00:00,2024-05-27 20:00:00,2379.31,2354.98,0.02,14.638663509964099,2415.9066587749103,36.596658774910246,EXIT_CHANNEL,3,24.329999999999927,48.659999999999854,0.6648147895042257,3697,3713,False,
medium,short,2024-05-24 00:00:00,2024-06-06 04:26:00,2328.77,2366.447550651516,0.02,15.071020260606453,2366.447550651516,37.67755065151613,EXIT_PROTECTIVE_STOP,4,-37.67755065151596,-75.35510130303192,-0.9999999999999954,3703,3758,False,
fast,long,2024-06-06 08:00:00,2024-06-07 12:27:00,2369.45,2339.198031337029,0.03,12.100787465188304,2339.198031337029,30.25196866297076,EXIT_PROTECTIVE_STOP,4,-30.25196866297074,-90.75590598891222,-0.9999999999999993,3759,3766,True,
medium,long,2024-06-06 08:00:00,2024-06-07 12:27:00,2369.45,2339.198031337029,0.03,12.100787465188304,2339.198031337029,30.25196866297076,EXIT_PROTECTIVE_STOP,4,-30.25196866297074,-90.75590598891222,-0.9999999999999993,3759,3766,True,
medium,long,2024-06-20 20:00:00,2024-06-21 18:15:00,2356.37,2328.215455434197,0.03,11.261817826321279,2328.215455434197,28.154544565803196,EXIT_PROTECTIVE_STOP,4,-28.154544565803008,-84.46363369740902,-0.9999999999999933,3822,3827,False,
fast,long,2024-06-20 08:00:00,2024-06-21 20:00:00,2340.46,2324.67,0.03,10.08467890517133,2315.2483027370718,25.211697262928325,EXIT_CHANNEL,3,-15.789999999999964,-47.36999999999989,-0.6262965890526468,3819,3827,False,
fast,short,2024-06-26 20:00:00,2024-06-27 17:01:00,2299.76,2326.2755818001356,0.03,10.606232720054129,2326.2755818001356,26.515581800135323,EXIT_PROTECTIVE_STOP,4,-26.51558180013535,-79.54674540040605,-1.000000000000001,3846,3851,False,
fast,long,2024-07-03 12:00:00,2024-07-19 00:00:00,2344.7,2445.65,0.03,9.940486157960898,2319.8487846050975,24.851215394902244,EXIT_CHANNEL,3,100.95000000000027,302.8500000000008,4.062175567505976,3874,3942,False,
medium,long,2024-07-05 12:00:00,2024-07-19 16:00:00,2366.47,2403.75,0.04,8.601764565414959,2344.965588586462,21.504411413537397,EXIT_CHANNEL,3,37.2800000000002,149.1200000000008,1.7335977852679938,3886,3946,False,
fast,short,2024-07-19 16:00:00,2024-07-24 08:00:00,2403.75,2417.85,0.02,13.531422832150364,2437.578557080376,33.82855708037591,EXIT_CHANNEL,3,-14.099999999999909,-28.199999999999818,-0.41680760921899856,3947,3962,False,
slow,long,2024-07-05 16:00:00,2024-07-25 08:00:00,2372.12,2377.6,0.04,9.530176337144216,2348.2945591571392,23.825440842860537,EXIT_CHANNEL,3,5.480000000000018,21.920000000000073,0.23000623728824474,3887,3968,False,
fast,short,2024-07-25 08:00:00,2024-07-29 04:00:00,2377.6,2400.06,0.03,13.228994969315695,2410.672487423289,33.07248742328924,EXIT_CHANNEL,3,-22.460000000000036,-67.38000000000011,-0.6791143258303571,3969,3979,False,
medium,short,2024-07-25 08:00:00,2024-07-30 20:02:00,2377.6,2410.672487423289,0.03,13.228994969315695,2410.672487423289,33.07248742328924,EXIT_PROTECTIVE_STOP,4,-33.0724874232892,-99.21746226986761,-0.9999999999999989,3969,3990,False,
medium,long,2024-08-02 16:00:00,2024-08-02 17:43:00,2472.9,2436.9514907342286,0.02,14.37940370630864,2436.9514907342286,35.9485092657716,EXIT_PROTECTIVE_STOP,4,-35.94850926577146,-71.89701853154293,-0.9999999999999962,4007,4007,False,
fast,long,2024-07-31 00:00:00,2024-08-05 15:20:00,2410.56,2379.138483349849,0.03,12.568606660060238,2379.138483349849,31.421516650150597,EXIT_PROTECTIVE_STOP,4,-31.421516650150807,-94.26454995045242,-1.0000000000000067,3991,4012,False,
fast,short,2024-08-05 16:00:00,2024-08-08 16:00:00,2374.5,2408.02,0.01,21.681077228874297,2428.702693072186,54.202693072185745,EXIT_CHANNEL,3,-33.51999999999998,-33.51999999999998,-0.6184194566745773,4013,4030,False,
fast,long,2024-08-09 16:00:00,2024-08-14 20:00:00,2429.62,2444.19,0.02,15.94903191548067,2389.747420211298,39.87257978870168,EXIT_CHANNEL,3,14.570000000000164,29.140000000000327,0.36541402831749376,4037,4055,False,
fast,long,2024-08-16 16:00:00,2024-08-22 20:00:00,2491.68,2484.33,0.02,14.822680078246602,2454.6232998043834,37.05670019561651,EXIT_CHANNEL,3,-7.349999999999909,-14.699999999999818,-0.1983446977523744,4067,4091,False,
medium,long,2024-08-16 16:00:00,2024-08-22 20:00:00,2491.68,2484.33,0.02,14.822680078246602,2454.6232998043834,37.05670019561651,EXIT_CHANNEL,3,-7.349999999999909,-14.699999999999818,-0.1983446977523744,4067,4091,False,
fast,short,2024-08-22 20:00:00,2024-08-26 10:33:00,2484.33,2519.6040798552995,0.02,14.109631942119883,2519.6040798552995,35.2740798552997,EXIT_PROTECTIVE_STOP,4,-35.27407985529953,-70.54815971059907,-0.9999999999999951,4092,4101,False,
fast,long,2024-08-26 12:00:00,2024-08-28 16:00:00,2524.25,2500.64,0.03,12.426105350328928,2493.1847366241777,31.06526337582232,EXIT_CHANNEL,3,-23.610000000000127,-70.83000000000038,-0.7600128707865865,4102,4114,False,
slow,long,2024-08-16 16:00:00,2024-09-04 12:00:00,2491.68,2473.27,0.02,14.822680078246602,2454.6232998043834,37.05670019561651,EXIT_CHANNEL,3,-18.409999999999854,-36.81999999999971,-0.4968062429416638,4067,4143,False,
fast,short,2024-09-04 12:00:00,2024-09-05 08:51:00,2473.27,2502.052334737675,0.03,11.512933895070027,2502.052334737675,28.78233473767507,EXIT_PROTECTIVE_STOP,4,-28.782334737675228,-86.34700421302568,-1.0000000000000056,4144,4149,False,
fast,long,2024-09-05 12:00:00,2024-09-06 19:41:00,2514.74,2485.47532024069,0.03,11.705871903723923,2485.47532024069,29.264679759309807,EXIT_PROTECTIVE_STOP,4,-29.26467975930973,-87.79403927792919,-0.9999999999999973,4150,4157,False,
fast,long,2024-09-12 20:00:00,2024-09-17 20:00:00,2550.75,2563.09,0.03,12.10726343952369,2520.4818414011906,30.268158598809226,EXIT_CHANNEL,3,12.340000000000146,37.02000000000044,0.40768915491560864,4182,4199,False,
medium,long,2024-09-12 20:00:00,2024-09-19 00:00:00,2550.75,2558.54,0.03,12.10726343952369,2520.4818414011906,30.268158598809226,EXIT_CHANNEL,3,7.789999999999964,23.36999999999989,0.25736616829761255,4182,4206,False,
fast,short,2024-09-19 00:00:00,2024-09-19 12:24:00,2558.54,2590.5402394999865,0.03,12.800095799994565,2590.5402394999865,32.000239499986414,EXIT_PROTECTIVE_STOP,4,-32.00023949998649,-96.00071849995948,-1.0000000000000024,4207,4210,False,
fast,long,2024-09-20 12:00:00,2024-09-27 20:00:00,2609.74,2651.79,0.02,13.27677480864415,2576.548062978389,33.19193702161038,EXIT_CHANNEL,3,42.05000000000018,84.10000000000036,1.2668739390720871,4216,4247,False,
medium,long,2024-09-20 12:00:00,2024-09-30 16:00:00,2609.74,2639.01,0.02,13.27677480864415,2576.548062978389,33.19193702161038,EXIT_CHANNEL,3,29.270000000000437,58.540000000000866,0.8818406705503065,4216,4252,False,
fast,short,2024-09-30 16:00:00,2024-10-01 19:48:00,2639.01,2672.070928490282,0.02,13.22437139611269,2672.070928490282,33.060928490281725,EXIT_PROTECTIVE_STOP,4,-33.06092849028164,-66.12185698056328,-0.9999999999999974,4253,4259,False,
slow,long,2024-09-12 20:00:00,2024-10-08 20:00:00,2550.75,2609.01,0.03,12.10726343952369,2520.4818414011906,30.268158598809226,EXIT_CHANNEL,3,58.26000000000022,174.78000000000065,1.9247949890910183,4182,4289,False,
fast,short,2024-10-08 20:00:00,2024-10-10 16:00:00,2609.01,2625.07,0.02,15.121258968256209,2646.8131474206407,37.80314742064052,EXIT_CHANNEL,3,-16.059999999999945,-32.11999999999989,-0.42483235116108836,4290,4300,False,
medium,short,2024-10-08 20:00:00,2024-10-11 09:21:00,2609.01,2646.8131474206407,0.02,15.121258968256209,2646.8131474206407,37.80314742064052,EXIT_PROTECTIVE_STOP,4,-37.80314742064047,-75.60629484128094,-0.9999999999999987,4290,4305,False,
fast,long,2024-10-16 12:00:00,2024-10-31 16:00:00,2679.56,2755.39,0.03,12.378567635208015,2648.61358091198,30.946419088020036,EXIT_CHANNEL,3,75.82999999999993,227.48999999999978,2.4503642823526293,4324,4390,False,
medium,long,2024-10-16 12:00:00,2024-11-06 12:00:00,2679.56,2724.62,0.03,12.378567635208015,2648.61358091198,30.946419088020036,EXIT_CHANNEL,3,45.059999999999945,135.17999999999984,1.4560650740183232,4324,4413,False,
slow,long,2024-10-17 20:00:00,2024-11-06 12:00:00,2692.25,2724.62,0.03,12.072850382266703,2662.067874044333,30.182125955666756,EXIT_CHANNEL,3,32.36999999999989,97.10999999999967,1.072489063479054,4332,4413,False,
medium,short,2024-11-06 16:00:00,2024-11-07 22:11:00,2664.16,2704.404353752509,0.02,16.09774150100364,2704.404353752509,40.2443537525091,EXIT_PROTECTIVE_STOP,4,-40.24435375250914,-80.48870750501828,-1.000000000000001,4415,4422,False,
fast,short,2024-11-06 12:00:00,2024-11-18 04:00:00,2724.62,2587.03,0.02,13.36288579053015,2758.0272144763253,33.40721447632538,EXIT_CHANNEL,3,137.5899999999997,275.1799999999994,4.118571456997868,4414,4459,False,
medium,short,2024-11-11 16:00:00,2024-11-19 08:00:00,2635.59,2622.58,0.02,16.668956652346978,2677.2623916308676,41.672391630867445,EXIT_CHANNEL,3,13.010000000000218,26.020000000000437,0.3121971043860965,4433,4466,False,
slow,short,2024-11-11 16:00:00,2024-11-20 20:00:00,2635.59,2651.89,0.02,16.668956652346978,2677.2623916308676,41.672391630867445,EXIT_CHANNEL,3,-16.299999999999727,-32.599999999999454,-0.39114625684036913,4433,4475,False,
medium,long,2024-11-22 08:00:00,2024-11-25 16:16:00,2686.66,2652.9724979326957,0.02,13.475000826921619,2652.9724979326957,33.687502067304045,EXIT_PROTECTIVE_STOP,4,-33.687502067304194,-67.37500413460839,-1.0000000000000044,4485,4493,False,
fast,long,2024-11-19 08:00:00,2024-11-25 20:00:00,2622.58,2627.84,0.02,15.08916872786979,2584.8570781803255,37.722921819674475,EXIT_CHANNEL,3,5.260000000000218,10.520000000000437,0.13943776744400677,4467,4493,False,
fast,long,2024-11-29 08:00:00,2024-12-02 03:21:00,2662.37,2624.1622476531074,0.02,15.283100938756894,2624.1622476531074,38.207752346892235,EXIT_PROTECTIVE_STOP,4,-38.20775234689245,-76.4155046937849,-1.0000000000000056,4515,4519,False,
fast,short,2024-12-06 04:00:00,2024-12-09 11:13:00,2617.57,2651.812539430842,0.02,13.697015772336902,2651.812539430842,34.24253943084226,EXIT_PROTECTIVE_STOP,4,-34.242539430842044,-68.48507886168409,-0.9999999999999938,4544,4551,False,
fast,long,2024-12-09 16:00:00,2024-12-13 12:00:00,2665.49,2668.93,0.02,14.511844591562193,2629.2103885210945,36.27961147890548,EXIT_CHANNEL,3,3.4400000000000546,6.88000000000011,0.09481909700163735,4553,4575,False,
medium,long,2024-12-10 16:00:00,2024-12-13 20:00:00,2680.46,2656.3,0.02,13.692616666017637,2646.228458334956,34.23154166504409,EXIT_CHANNEL,3,-24.159999999999854,-48.31999999999971,-0.7057818264922348,4559,4577,False,
medium,short,2024-12-19 00:00:00,2024-12-19 09:25:00,2585.25,2619.5773661251533,0.02,13.730946450061392,2619.5773661251533,34.32736612515348,EXIT_PROTECTIVE_STOP,4,-34.327366125153276,-68.65473225030655,-0.999999999999994,4597,4599,True,
slow,short,2024-12-19 00:00:00,2024-12-19 09:25:00,2585.25,2619.5773661251533,0.02,13.730946450061392,2619.5773661251533,34.32736612515348,EXIT_PROTECTIVE_STOP,4,-34.327366125153276,-68.65473225030655,-0.999999999999994,4597,4599,True,
fast,short,2024-12-17 12:00:00,2025-01-02 04:00:00,2639.7,2632.89,0.03,12.680644448050057,2671.401611120125,31.701611120125143,EXIT_CHANNEL,3,6.809999999999945,20.429999999999833,0.21481558064021394,4588,4643,False,
medium,long,2025-01-02 20:00:00,2025-01-06 09:32:00,2656.53,2628.107325948152,0.03,11.369069620739436,2628.107325948152,28.422674051848592,EXIT_PROTECTIVE_STOP,4,-28.42267405184839,-85.26802215554517,-0.9999999999999929,4648,4657,False,
fast,long,2025-01-02 16:00:00,2025-01-06 16:00:00,2642.96,2624.36,0.03,10.909546969199413,2615.6861325770014,27.27386742299853,EXIT_CHANNEL,3,-18.59999999999991,-55.79999999999973,-0.6819714898340954,4647,4658,False,
fast,long,2025-01-09 16:00:00,2025-01-13 20:00:00,2672.56,2660.88,0.03,11.402487429701413,2644.0537814257464,28.50621857425353,EXIT_CHANNEL,3,-11.679999999999836,-35.0399999999995,-0.4097351589996251,4677,4689,False,
fast,long,2025-01-16 12:00:00,2025-01-27 20:00:00,2705.28,2733.72,0.03,11.25653839932842,2677.1386540016792,28.14134599832105,EXIT_CHANNEL,3,28.4399999999996,85.3199999999988,1.0106126409766032,4706,4749,False,
medium,long,2025-01-09 16:00:00,2025-01-27 20:00:00,2672.56,2733.72,0.03,11.402487429701413,2644.0537814257464,28.50621857425353,EXIT_CHANNEL,3,61.159999999999854,183.47999999999956,2.1454967743508013,4677,4749,False,
fast,short,2025-01-27 20:00:00,2025-01-29 03:03:00,2733.72,2765.6881225021793,0.03,12.78724900087187,2765.6881225021793,31.968122502179675,EXIT_PROTECTIVE_STOP,4,-31.96812250217954,-95.90436750653862,-0.9999999999999958,4750,4757,False,
fast,long,2025-01-30 12:00:00,2025-02-14 20:00:00,2774.31,2887.04,0.03,10.698352220346518,2747.5641194491336,26.745880550866296,EXIT_CHANNEL,3,112.73000000000002,338.19000000000005,4.214854687083716,4766,4833,False,
fast,long,2025-02-19 12:00:00,2025-02-25 17:30:00,2945.49,2909.6310693166697,0.02,14.343572273332066,2909.6310693166697,35.858930683330165,EXIT_PROTECTIVE_STOP,4,-35.85893068333007,-71.71786136666014,-0.9999999999999974,4850,4875,False,
medium,long,2025-01-30 20:00:00,2025-02-25 20:00:00,2795.56,2907.6,0.03,11.155337878862737,2767.671655302843,27.888344697156842,EXIT_CHANNEL,3,112.03999999999996,336.1199999999999,4.017448909810061,4768,4875,False,
slow,long,2025-01-16 12:00:00,2025-02-27 12:00:00,2705.28,2887.36,0.03,11.25653839932842,2677.1386540016792,28.14134599832105,EXIT_CHANNEL,3,182.07999999999993,546.2399999999998,6.470195136041576,4706,4885,False,
fast,short,2025-02-25 20:00:00,2025-03-03 20:00:00,2907.6,2890.88,0.02,17.545281231733128,2951.4632030793327,43.86320307933282,EXIT_CHANNEL,3,16.7199999999998,33.4399999999996,0.3811851124907433,4876,4899,False,
medium,short,2025-02-28 08:00:00,2025-03-04 10:17:00,2864.27,2906.6866372750796,0.02,16.966654910031924,2906.6866372750796,42.41663727507981,EXIT_PROTECTIVE_STOP,4,-42.416637275079665,-84.83327455015933,-0.9999999999999967,4891,4903,False,
fast,long,2025-03-04 16:00:00,2025-03-06 12:00:00,2922.71,2894.28,0.02,17.339790150478272,2879.3605246238044,43.349475376195684,EXIT_CHANNEL,3,-28.429999999999836,-56.85999999999968,-0.6558326197324982,4905,4915,False,
fast,short,2025-03-10 20:00:00,2025-03-12 17:54:00,2886.22,2928.6739789934754,0.02,16.981591597390196,2928.6739789934754,42.45397899347549,EXIT_PROTECTIVE_STOP,4,-42.45397899347563,-84.90795798695126,-1.0000000000000033,4930,4941,False,
fast,long,2025-03-12 20:00:00,2025-03-21 16:00:00,2936.19,3006.43,0.02,15.429155218994005,2897.617111952515,38.57288804748501,EXIT_CHANNEL,3,70.23999999999978,140.47999999999956,1.8209681347564926,4942,4982,False,
fast,long,2025-03-27 12:00:00,2025-04-03 16:00:00,3039.95,3076.39,0.03,12.936570706628832,3007.6085732334277,32.34142676657208,EXIT_CHANNEL,3,36.440000000000055,109.32000000000015,1.1267282752554455,5006,5036,False,
medium,long,2025-03-12 20:00:00,2025-04-03 16:00:00,2936.19,3076.39,0.02,15.429155218994005,2897.617111952515,38.57288804748501,EXIT_CHANNEL,3,140.19999999999982,280.39999999999964,3.6346772849211377,4942,5036,False,
fast,short,2025-04-03 16:00:00,2025-04-03 17:49:00,3076.39,3133.3873185721936,0.01,22.798927428877576,3133.3873185721936,56.99731857219394,EXIT_PROTECTIVE_STOP,4,-56.99731857219376,-56.99731857219377,-0.9999999999999969,5037,5037,False,
slow,long,2025-03-13 20:00:00,2025-04-07 04:00:00,2979.4,2978.97,0.02,15.473165954426868,2940.717085113933,38.68291488606717,EXIT_CHANNEL,3,-0.43000000000029104,-0.8600000000005822,-0.011116018564442998,4948,5045,False,
fast,short,2025-04-07 04:00:00,2025-04-09 12:00:00,2978.97,3044.05,0.01,31.158915003658265,3056.8672875091456,77.89728750914566,EXIT_CHANNEL,3,-65.08000000000038,-65.08000000000038,-0.8354591293356596,5046,5059,False,
medium,short,2025-04-07 04:00:00,2025-04-09 14:19:00,2978.97,3056.8672875091456,0.01,31.158915003658265,3056.8672875091456,77.89728750914566,EXIT_PROTECTIVE_STOP,4,-77.89728750914583,-77.89728750914583,-1.0000000000000022,5046,5060,False,
fast,long,2025-04-10 08:00:00,2025-04-25 20:00:00,3125.32,3285.55,0.01,35.014902305336776,3037.7827442366583,87.53725576334193,EXIT_CHANNEL,3,160.23000000000002,160.23000000000002,1.8304206432194292,5065,5127,False,
medium,long,2025-04-11 00:00:00,2025-05-01 04:00:00,3175.74,3246.67,0.01,35.10807383333622,3087.969815416659,87.77018458334055,EXIT_CHANNEL,3,70.93000000000029,70.93000000000029,0.8081331984969227,5069,5147,False,
slow,long,2025-04-11 00:00:00,2025-05-01 04:00:00,3175.74,3246.67,0.01,35.10807383333622,3087.969815416659,87.77018458334055,EXIT_CHANNEL,3,70.93000000000029,70.93000000000029,0.8081331984969227,5069,5147,False,
fast,short,2025-05-01 04:00:00,2025-05-05 12:00:00,3246.67,3282.72,0.01,31.819798626243927,3326.21949656561,79.54949656560981,EXIT_CHANNEL,3,-36.04999999999973,-36.04999999999973,-0.45317697227998005,5148,5161,False,
medium,short,2025-05-01 04:00:00,2025-05-05 17:06:00,3246.67,3326.21949656561,0.01,31.819798626243927,3326.21949656561,79.54949656560981,EXIT_PROTECTIVE_STOP,4,-79.54949656560984,-79.54949656560984,-1.0000000000000004,5148,5163,False,
fast,long,2025-05-06 00:00:00,2025-05-08 12:00:00,3335.81,3339.32,0.01,28.59468534227722,3264.323286644307,71.48671335569306,EXIT_CHANNEL,3,3.5100000000002183,3.5100000000002183,0.0491000332122653,5165,5179,False,
medium,long,2025-05-06 16:00:00,2025-05-08 19:13:00,3391.07,3318.28805392983,0.01,29.112778428068157,3318.28805392983,72.78194607017039,EXIT_PROTECTIVE_STOP,4,-72.7819460701703,-72.7819460701703,-0.9999999999999988,5169,5181,False,
medium,short,2025-05-14 16:00:00,2025-05-20 16:59:00,3184.8,3259.57810567985,0.01,29.911242271939987,3259.57810567985,74.77810567984997,EXIT_PROTECTIVE_STOP,4,-74.77810567984989,-74.77810567984989,-0.9999999999999989,5205,5229,True,
slow,short,2025-05-14 16:00:00,2025-05-20 16:59:00,3184.8,3259.57810567985,0.01,29.911242271939987,3259.57810567985,74.77810567984997,EXIT_PROTECTIVE_STOP,4,-74.77810567984989,-74.77810567984989,-0.9999999999999989,5205,5229,True,
fast,short,2025-05-12 12:00:00,2025-05-20 20:00:00,3231.45,3278.87,0.01,33.66133076487235,3315.603326912181,84.15332691218089,EXIT_CHANNEL,3,-47.42000000000007,-47.42000000000007,-0.5634952501579138,5192,5229,False,
fast,long,2025-05-20 20:00:00,2025-05-27 12:00:00,3278.87,3298.6,0.01,30.056366163043993,3203.72908459239,75.14091540760998,EXIT_CHANNEL,3,19.730000000000018,19.730000000000018,0.26257332497178815,5230,5257,False,
medium,long,2025-05-23 16:00:00,2025-05-27 14:21:00,3356.97,3290.054634654289,0.01,26.766146138284235,3290.054634654289,66.91536534571058,EXIT_PROTECTIVE_STOP,4,-66.9153653457106,-66.9153653457106,-1.0000000000000002,5247,5258,False,
fast,short,2025-05-29 04:00:00,2025-05-29 19:04:00,3264.98,3324.442530573285,0.01,23.78501222931387,3324.442530573285,59.46253057328468,EXIT_PROTECTIVE_STOP,4,-59.462530573284766,-59.462530573284766,-1.0000000000000013,5268,5271,False,
fast,long,2025-06-02 12:00:00,2025-06-06 20:00:00,3352.09,3322.79,0.01,24.56441684842974,3290.6789578789258,61.41104212107435,EXIT_CHANNEL,3,-29.300000000000182,-29.300000000000182,-0.47711289351244107,5282,5307,False,
medium,long,2025-06-02 20:00:00,2025-06-06 20:00:00,3371.62,3322.79,0.01,24.508736205707823,3310.3481594857303,61.271840514269556,EXIT_CHANNEL,3,-48.82999999999993,-48.82999999999993,-0.7969403169573133,5284,5307,False,
fast,short,2025-06-09 04:00:00,2025-06-12 01:18:00,3305.44,3361.7531032580837,0.01,22.525241303233386,3361.7531032580837,56.313103258083466,EXIT_PROTECTIVE_STOP,4,-56.31310325808363,-56.31310325808363,-1.0000000000000029,5310,5327,False,
medium,long,2025-06-13 04:00:00,2025-06-19 09:03:00,3416.7,3359.278702031682,0.01,22.96851918732719,3359.278702031682,57.42129796831797,EXIT_PROTECTIVE_STOP,4,-57.42129796831796,-57.421297968317965,-0.9999999999999998,5334,5359,True,
slow,long,2025-06-13 04:00:00,2025-06-19 09:03:00,3416.7,3359.278702031682,0.01,22.96851918732719,3359.278702031682,57.42129796831797,EXIT_PROTECTIVE_STOP,4,-57.42129796831796,-57.421297968317965,-0.9999999999999998,5334,5359,True,
fast,long,2025-06-12 04:00:00,2025-06-24 12:00:00,3365.83,3327.31,0.01,21.60234020612644,3311.824149484684,54.0058505153161,EXIT_CHANNEL,3,-38.51999999999998,-38.51999999999998,-0.7132560571206203,5328,5377,False,
fast,short,2025-06-24 12:00:00,2025-06-26 12:00:00,3327.31,3348.08,0.01,22.056144969901784,3382.4503624247545,55.14036242475446,EXIT_CHANNEL,3,-20.769999999999982,-20.769999999999982,-0.3766750722457275,5378,5389,False,
fast,short,2025-06-27 08:00:00,2025-07-01 04:00:00,3293.92,3314.73,0.02,19.123858260625607,3341.729645651564,47.80964565156402,EXIT_CHANNEL,3,-20.809999999999945,-41.61999999999989,-0.4352678150275974,5395,5405,False,
slow,short,2025-06-27 16:00:00,2025-07-01 04:11:00,3270.08,3318.1760802005365,0.02,19.238432080214608,3318.1760802005365,48.09608020053652,EXIT_PROTECTIVE_STOP,4,-48.09608020053656,-96.19216040107312,-1.0000000000000009,5397,5406,False,
medium,short,2025-06-24 16:00:00,2025-07-01 16:00:00,3314.62,3354.53,0.01,22.176837721406706,3370.0620943035165,55.44209430351677,EXIT_CHANNEL,3,-39.91000000000031,-39.91000000000031,-0.7198501517910509,5379,5408,False,
fast,long,2025-07-01 16:00:00,2025-07-03 16:00:00,3354.53,3324.49,0.02,18.71568539015965,3307.740786524601,46.78921347539912,EXIT_CHANNEL,3,-30.04000000000042,-60.08000000000083,-0.6420283173983011,5409,5420,False,
fast,short,2025-07-07 08:00:00,2025-07-10 12:00:00,3307.78,3328.71,0.02,16.583267729448885,3349.2381693236225,41.458169323622215,EXIT_CHANNEL,3,-20.929999999999836,-41.85999999999967,-0.5048462182837932,5430,5448,False,
fast,long,2025-07-11 16:00:00,2025-07-15 20:00:00,3355.14,3329.31,0.02,15.442856060777329,3316.5328598480564,38.60714015194332,EXIT_CHANNEL,3,-25.829999999999927,-51.65999999999985,-0.6690472254184763,5456,5468,False,
fast,short,2025-07-17 16:00:00,2025-07-18 12:09:00,3313.12,3354.5190195926725,0.02,16.55960783706902,3354.5190195926725,41.39901959267255,EXIT_PROTECTIVE_STOP,4,-41.39901959267263,-82.79803918534526,-1.000000000000002,5480,5485,False,
fast,long,2025-07-21 16:00:00,2025-07-24 12:00:00,3387.27,3369.69,0.02,14.901060634332374,3350.017348414169,37.25265158583093,EXIT_CHANNEL,3,-17.579999999999927,-35.159999999999854,-0.471912716320212,5492,5508,False,
slow,long,2025-07-21 20:00:00,2025-07-24 15:41:00,3395.68,3358.0524809934604,0.02,15.05100760261576,3358.0524809934604,37.6275190065394,EXIT_PROTECTIVE_STOP,4,-37.62751900653939,-75.25503801307877,-0.9999999999999997,5493,5509,False,
medium,long,2025-07-21 16:00:00,2025-07-25 11:21:00,3387.27,3350.017348414169,0.02,14.901060634332374,3350.017348414169,37.25265158583093,EXIT_PROTECTIVE_STOP,4,-37.25265158583079,-74.50530317166158,-0.9999999999999962,5492,5514,False,
slow,short,2025-07-31 00:00:00,2025-08-01 15:31:00,3276.42,3317.638375227168,0.02,16.487350090867288,3317.638375227168,41.218375227168224,EXIT_PROTECTIVE_STOP,4,-41.21837522716805,-82.4367504543361,-0.9999999999999959,5536,5545,False,
medium,short,2025-07-30 20:00:00,2025-08-01 15:42:00,3298.09,3336.6567107654405,0.02,15.426684306176101,3336.6567107654405,38.566710765440256,EXIT_PROTECTIVE_STOP,4,-38.56671076544035,-77.1334215308807,-1.0000000000000024,5535,5545,False,
fast,short,2025-07-25 12:00:00,2025-08-01 16:00:00,3345.45,3341.2,0.02,15.241135567508097,3383.5528389187702,38.102838918770246,EXIT_CHANNEL,3,4.25,8.5,0.11154024530981502,5515,5545,False,
fast,long,2025-08-01 16:00:00,2025-08-11 12:00:00,3341.2,3361.85,0.02,17.75786088976704,3296.805347775582,44.394652224417605,EXIT_CHANNEL,3,20.65000000000009,41.30000000000018,0.4651461147980868,5546,5580,False,
medium,short,2025-08-19 20:00:00,2025-08-22 17:02:00,3317.44,3352.746387874031,0.02,14.122555149612332,3352.746387874031,35.30638787403083,EXIT_PROTECTIVE_STOP,4,-35.30638787403086,-70.61277574806172,-1.0000000000000009,5619,5636,False,
fast,short,2025-08-11 16:00:00,2025-08-22 20:00:00,3356.89,3370.59,0.02,17.545440840750523,3400.7536021018764,43.86360210187631,EXIT_CHANNEL,3,-13.700000000000273,-27.400000000000546,-0.31233185017913156,5582,5636,False,
fast,long,2025-08-26 04:00:00,2025-09-18 00:00:00,3383.21,3659.65,0.02,13.694366090889368,3348.9740847727767,34.235915227223416,EXIT_CHANNEL,3,276.44000000000005,552.8800000000001,8.074561412051368,5645,5745,False,
fast,long,2025-09-22 12:00:00,2025-09-24 20:00:00,3720.37,3735.72,0.02,19.07719308273803,3672.6770172931547,47.69298270684508,EXIT_CHANNEL,3,15.349999999999909,30.699999999999818,0.32185028339183364,5761,5774,False,
fast,long,2025-09-29 08:00:00,2025-10-02 20:00:00,3805.04,3844.91,0.01,22.4249278802249,3748.977680299438,56.06231970056225,EXIT_CHANNEL,3,39.86999999999989,39.86999999999989,0.7111728557246987,5790,5810,False,
fast,long,2025-10-06 04:00:00,2025-10-09 20:00:00,3900.34,3969.19,0.01,24.567313999812082,3838.92171500047,61.41828499953021,EXIT_CHANNEL,3,68.84999999999991,68.84999999999991,1.1210016691369118,5819,5840,False,
fast,long,2025-10-13 12:00:00,2025-10-21 20:00:00,4077.78,4113.46,0.01,33.18372887526854,3994.820677811829,82.95932218817136,EXIT_CHANNEL,3,35.679999999999836,35.679999999999836,0.4300903028000779,5851,5888,False,
medium,long,2025-08-26 04:00:00,2025-10-21 20:00:00,3383.21,4113.46,0.02,13.694366090889368,3348.9740847727767,34.235915227223416,EXIT_CHANNEL,3,730.25,1460.5,21.329939484700155,5645,5888,False,
slow,long,2025-08-28 20:00:00,2025-10-28 08:00:00,3415.47,3966.56,0.02,13.594890845900627,3381.4827728852483,33.98722711475157,EXIT_CHANNEL,3,551.0900000000001,1102.1800000000003,16.2146208085569,5661,5915,False,
fast,short,2025-11-04 20:00:00,2025-11-06 12:00:00,3955.09,4011.0,0.01,39.20837768563386,4053.1109442140846,98.02094421408466,EXIT_CHANNEL,3,-55.909999999999854,-55.90999999999986,-0.5703883027069038,5949,5958,False,
fast,long,2025-11-10 04:00:00,2025-11-14 16:00:00,4043.99,4055.9,0.01,31.549597197301548,3965.116007006746,78.87399299325386,EXIT_CHANNEL,3,11.91000000000031,11.91000000000031,0.15100034305374876,5969,5995,False,
medium,long,2025-11-10 08:00:00,2025-11-14 16:00:00,4069.45,4055.9,0.01,31.585617337436467,3990.4859566564087,78.96404334359117,EXIT_CHANNEL,3,-13.549999999999727,-13.549999999999725,-0.1715970893364779,5970,5995,False,
fast,short,2025-11-14 16:00:00,2025-11-19 08:00:00,4055.9,4095.54,0.01,37.37645706764258,4149.341142669106,93.44114266910645,EXIT_CHANNEL,3,-39.63999999999987,-39.63999999999987,-0.42422426425555326,5996,6011,False,
slow,long,2025-12-01 04:00:00,2025-12-02 11:36:00,4255.59,4183.699987340297,0.01,28.756005063881187,4183.699987340297,71.89001265970296,EXIT_PROTECTIVE_STOP,4,-71.89001265970273,-71.89001265970273,-0.9999999999999969,6059,6066,False,
fast,long,2025-11-25 00:00:00,2025-12-29 16:00:00,4133.82,4421.2,0.01,38.01221619600919,4038.789459509977,95.03054049002299,EXIT_CHANNEL,3,287.3800000000001,287.3800000000001,3.0240804536955297,6034,6173,False,
medium,long,2025-11-28 04:00:00,2025-12-29 16:00:00,4191.06,4421.2,0.01,28.13478951724589,4120.723026206886,70.33697379311472,EXIT_CHANNEL,3,230.13999999999942,230.13999999999945,3.271963344299123,6053,6173,False,
slow,long,2025-12-11 20:00:00,2025-12-31 08:00:00,4278.66,4285.97,0.01,26.56660439959675,4212.243489001008,66.41651099899187,EXIT_CHANNEL,3,7.3100000000004,7.310000000000401,0.1100629932233471,6111,6183,False,
fast,short,2025-12-29 16:00:00,2026-01-05 12:00:00,4421.2,4434.84,0.01,34.69436327490901,4507.935908187273,86.73590818727251,EXIT_CHANNEL,3,-13.640000000000327,-13.640000000000327,-0.15725897480141723,6174,6196,False,
fast,long,2026-01-05 12:00:00,2026-01-30 12:00:00,4434.84,5013.64,0.01,40.48523650886611,4333.626908727835,101.21309127216527,EXIT_CHANNEL,3,578.8000000000002,578.8000000000002,5.718627824967704,6197,6310,False,
medium,long,2026-01-12 04:00:00,2026-01-30 20:00:00,4570.15,4849.93,0.01,35.764065631378884,4480.739835921552,89.41016407844721,EXIT_CHANNEL,3,279.78000000000065,279.78000000000065,3.129174438764318,6225,6312,False,
slow,long,2026-01-12 04:00:00,2026-02-02 08:00:00,4570.15,4549.37,0.01,35.764065631378884,4480.739835921552,89.41016407844721,EXIT_CHANNEL,3,-20.779999999999745,-20.779999999999745,-0.23241205532032877,6225,6315,False,
fast,short,2026-04-21 20:00:00,2026-04-30 12:00:00,4711.12,4616.42,0.01,40.328015456948904,4811.940038642372,100.82003864237225,EXIT_CHANNEL,3,94.69999999999982,94.69999999999982,0.9392973983665949,6649,6688,False,
medium,short,2026-04-28 12:00:00,2026-05-06 12:00:00,4629.7,4700.31,0.01,35.88795968294268,4719.419899207356,89.71989920735669,EXIT_CHANNEL,3,-70.61000000000058,-70.61000000000058,-0.7870048966150737,6677,6712,False,
fast,long,2026-05-06 12:00:00,2026-05-11 12:00:00,4700.31,4667.62,0.01,39.629126819756955,4601.237182950608,99.07281704939238,EXIT_CHANNEL,3,-32.69000000000051,-32.69000000000051,-0.32995932662036886,6713,6730,False,
medium,short,2026-05-20 08:00:00,2026-05-21 04:23:00,4462.11,4561.544629227206,0.01,39.773851690882644,4561.544629227206,99.43462922720661,EXIT_PROTECTIVE_STOP,4,-99.43462922720664,-99.43462922720664,-1.0000000000000002,6772,6777,True,
slow,short,2026-05-20 08:00:00,2026-05-21 04:23:00,4462.11,4561.544629227206,0.01,39.773851690882644,4561.544629227206,99.43462922720661,EXIT_PROTECTIVE_STOP,4,-99.43462922720664,-99.43462922720664,-1.0000000000000002,6772,6777,True,
fast,short,2026-05-15 04:00:00,2026-05-25 04:00:00,4630.35,4569.4,0.01,36.57235782462806,4721.780894561571,91.43089456157014,EXIT_CHANNEL,3,60.95000000000073,60.95000000000073,0.6666236865806515,6753,6788,False,
fast,short,2026-05-27 16:00:00,2026-05-29 10:35:00,4438.47,4525.250681596601,0.01,34.71227263864026,4525.250681596601,86.78068159660064,EXIT_PROTECTIVE_STOP,4,-86.78068159660052,-86.78068159660052,-0.9999999999999986,6804,6814,True,
medium,short,2026-05-27 16:00:00,2026-05-29 10:35:00,4438.47,4525.250681596601,0.01,34.71227263864026,4525.250681596601,86.78068159660064,EXIT_PROTECTIVE_STOP,4,-86.78068159660052,-86.78068159660052,-0.9999999999999986,6804,6814,True,
slow,short,2026-05-27 16:00:00,2026-05-29 10:35:00,4438.47,4525.250681596601,0.01,34.71227263864026,4525.250681596601,86.78068159660064,EXIT_PROTECTIVE_STOP,4,-86.78068159660052,-86.78068159660052,-0.9999999999999986,6804,6814,True,
fast,short,2026-06-03 12:00:00,2026-06-04 16:00:00,4444.01,4504.09,0.01,34.345691997698964,4529.874229994248,85.86422999424741,EXIT_CHANNEL,3,-60.07999999999993,-60.079999999999934,-0.6997092969217225,6833,6839,False,
fast,short,2026-06-05 16:00:00,2026-06-15 04:00:00,4406.53,4292.65,0.01,36.65326998792522,4498.163174969813,91.63317496981306,EXIT_CHANNEL,3,113.88000000000011,113.88000000000011,1.242781340246214,6846,6878,False,
medium,short,2026-06-08 12:00:00,2026-06-15 08:00:00,4288.76,4328.23,0.01,40.46249765119738,4389.916244127994,101.15624412799346,EXIT_CHANNEL,3,-39.469999999999345,-39.469999999999345,-0.3901884687420558,6851,6879,False,
slow,short,2026-06-08 12:00:00,2026-07-03 04:00:00,4288.76,4147.1,0.01,40.46249765119738,4389.916244127994,101.15624412799346,EXIT_CHANNEL,3,141.65999999999985,141.65999999999985,1.4004078662781985,6851,6961,False,
fast,short,2026-07-08 12:00:00,2026-07-21 08:00:00,4056.86,4049.61,0.01,38.85931030129179,4154.00827575323,97.14827575322948,EXIT_CHANNEL,3,7.25,7.249999999999999,0.07462819019470852,6981,7033,False,
medium,short,2026-07-17 16:00:00,2026-07-21 08:15:00,3966.14,4052.887572786378,0.01,34.699029114551266,4052.887572786378,86.74757278637816,EXIT_PROTECTIVE_STOP,4,-86.74757278637799,-86.74757278637799,-0.999999999999998,7024,7034,False,
medium,long,2026-07-22 20:00:00,2026-07-23 15:37:00,4146.81,4064.3974188348666,0.01,32.96503246605353,4064.3974188348666,82.41258116513382,EXIT_PROTECTIVE_STOP,4,-82.41258116513382,-82.41258116513382,-1.0,7043,7047,False,
fast,long,2026-07-22 04:00:00,2026-07-23 16:00:00,4097.57,4061.77,0.01,31.765210400231553,4018.1569739994206,79.41302600057888,EXIT_CHANNEL,3,-35.79999999999973,-35.79999999999973,-0.4508076546502429,7039,7047,False,
fast,long,2026-08-05 08:00:00,2026-08-14 00:00:00,4135.54,4353.14,0.01,30.77236471880191,4058.6090882029953,76.93091179700477,EXIT_CHANNEL,3,217.60000000000036,217.60000000000036,2.8285119065555184,7100,7139,False,
medium,long,2026-08-05 12:00:00,2026-08-14 08:00:00,4160.54,4326.88,0.01,31.46824648286184,4081.8693837928454,78.6706162071546,EXIT_CHANNEL,3,166.34000000000015,166.34000000000015,2.1143853705428657,7101,7141,False,
fast,short,2026-08-14 08:00:00,2026-08-17 17:19:00,4326.88,4419.012039803262,0.01,36.852815921305,4419.012039803262,92.1320398032625,EXIT_PROTECTIVE_STOP,4,-92.13203980326216,-92.13203980326216,-0.9999999999999963,7142,7150,False,
fast,long,2026-08-19 16:00:00,2026-08-26 20:00:00,4438.79,4591.61,0.01,36.29803157600603,4348.0449210599845,90.74507894001508,EXIT_CHANNEL,3,152.8199999999997,152.8199999999997,1.6840582628289718,7162,7192,False,
medium,long,2026-08-19 20:00:00,2026-08-28 20:00:00,4493.26,4479.93,0.01,38.23212999720575,4397.679675006986,95.58032499301439,EXIT_CHANNEL,3,-13.329999999999927,-13.329999999999927,-0.1394638488723926,7163,7204,False,
slow,long,2026-08-05 16:00:00,2026-08-28 20:00:00,4183.92,4454.58,0.01,33.06483415871873,4101.257914603203,82.66208539679683,EXIT_END_OF_DATA,7,270.65999999999985,270.65999999999985,3.2742943599931,7102,7205,False,
