campaign_id,start,end,close_reason,direction,bars,days,sleeves,n_sleeves,trades,max_gross_exposure_lots,max_net_exposure_lots,gross_pnl,spread_slip,commission,swap,lot_nights,net_pnl,risk_cash,gross_R,net_R,mae_usd,mfe_usd,mae_R,mfe_R
0,2022-02-22 00:00:00,2022-02-24 00:00:00,flat,long,13,2.0,"fast,medium,slow",3,3,0.09,0.09,3.6629999999999425,0.24299999999998362,0.035324999999999995,-1.8864,0.18,1.4982749999999592,26.679201290286677,0.13729796331397529,0.05615891509261369,-16.03912499999933,1.4982749999999214,-0.601184601648432,0.056158915092612276
1,2022-03-07 00:00:00,2022-03-14 12:00:00,flat,long,34,7.5,"fast,medium,slow",3,3,0.06,0.06,-20.246000000000002,0.1599999999999909,0.0314,-2.4104,0.33999999999999997,-22.847799999999992,27.970534780892663,-0.7238331393588701,-0.8168524548771898,-22.847799999999552,30.75405000000137,-0.8168524548771741,1.099515981403766
2,2022-03-15 00:00:00,2022-03-17 04:00:00,flat,short,14,2.1666666666666665,fast,1,1,0.01,0.01,0.6720000000000027,0.0049999999999954525,0.0039250000000000005,0.09432,0.02,0.7573950000000073,5.480910209399596,0.12260737255785416,0.1381878138965126,0.0,3.4218149999978777,0.0,0.6243150990011783
3,2022-03-23 20:00:00,2022-03-29 00:00:00,flat,long,20,5.166666666666667,fast,1,1,0.03,0.03,-6.398999999999978,0.08999999999998635,0.011774999999999999,-0.9432,0.18,-7.4439749999999645,9.135368448875104,-0.7004643584778376,-0.8148521914205429,-7.443975000000137,6.095024999998714,-0.8148521914205618,0.6671898384951548
4,2022-04-18 00:00:00,2022-04-19 00:00:00,flat,long,7,1.0,"fast,medium,slow",3,3,0.06,0.06,-7.08000000000011,0.15,0.023549999999999998,-0.3144,0.06,-7.567950000000111,20.48394422140572,-0.345636559222882,-0.3694576551371197,-7.567949999998746,4.2964499999998225,-0.36945765513705303,0.20974720266568742
5,2022-05-11 00:00:00,2022-06-02 20:00:00,reversal,short,102,22.833333333333332,"fast,medium,slow",3,5,0.06,0.06,-21.153999999999858,0.27999999999994996,0.07849999999999999,2.2401000000000004,0.7900000000000003,-19.272399999999806,38.66239144818017,-0.547146702716331,-0.4984792527857702,-18.264400000000023,20.789850000001024,-0.4724074046086904,0.5377279889131017
6,2022-06-03 00:00:00,2022-06-06 00:00:00,flat,long,7,3.0,"fast,medium",2,2,0.06,0.06,-13.505999999999993,0.2,0.031400000000000004,-0.8960400000000002,0.2,-14.633439999999993,17.17068798910268,-0.7865730254123499,-0.8522337607722565,-14.680599999999686,0.0,-0.8549803018560863,0.0
7,2022-08-02 00:00:00,2022-08-19 00:00:00,flat,long,79,17.0,"fast,medium",2,2,0.06,0.06,-14.529000000000018,0.2129999999999427,0.035324999999999995,-4.0872,0.54,-18.86452499999996,18.102440560149365,-0.8025989618208771,-1.0420984362477757,-18.86752499999966,2.610450000000128,-1.042264159758356,0.1442043127459157
8,2022-08-22 00:00:00,2022-09-12 00:00:00,flat,short,91,21.0,"fast,medium,slow",3,4,0.09,0.09,1.2449999999999588,0.3569999999998799,0.08242499999999998,3.3955199999999994,1.2000000000000002,4.201095000000079,30.856705862663595,0.04034779362194978,0.13614852533832444,-9.642149999999674,35.48839500000031,-0.31248150865211477,1.1501031625978269
9,2022-09-26 00:00:00,2022-09-30 00:00:00,flat,short,25,4.0,"fast,medium,slow",3,3,0.06,0.06,-22.056000000000132,0.029999999999972715,0.023549999999999998,0.8488800000000001,0.24,-21.260670000000104,22.910028468658197,-0.9627225051323525,-0.9280071401519872,-21.260669999999664,5.192369999998846,-0.928007140151968,0.22664179606333568
10,2022-10-21 04:00:00,2022-10-21 16:00:00,flat,short,4,0.5,"fast,medium",2,2,0.06,0.06,-17.79600000000005,0.029999999999972715,0.023549999999999998,0.0,0.0,-17.849550000000022,18.146865450318938,-0.980665231068172,-0.9836161539229525,-17.849549999999,0.6664500000006228,-0.9836161539228961,0.0367253508229935
11,2022-10-26 08:00:00,2022-10-28 08:00:00,flat,long,13,2.0,fast,1,1,0.03,0.03,-6.71700000000003,0.08999999999998635,0.011774999999999999,-0.3144,0.06,-7.1331750000000165,8.181784563248018,-0.8209700399803127,-0.8718360823189749,-7.1421750000008615,0.0,-0.8729360868389268,0.0
12,2022-11-03 08:00:00,2022-11-04 04:00:00,flat,short,6,0.8333333333333334,fast,1,1,0.04,0.04,-9.235999999999967,0.01999999999998181,0.015700000000000002,0.09432,0.04,-9.17737999999995,9.507403450667674,-0.9714534623384845,-0.965287741034641,-9.145379999999932,1.8842999999997119,-0.9619219429840943,0.19819291458251764
13,2022-11-04 16:00:00,2022-11-18 12:00:00,reversal,long,60,13.833333333333334,"fast,medium,slow",3,3,0.09,0.09,43.965000000000124,0.2849999999999454,0.04709999999999999,-6.979680000000001,1.0299999999999998,36.653220000000175,23.57229153583455,1.8651135352354105,1.5549281640386987,-2.5725750000019616,66.66067499999917,-0.10913554993544596,2.8279251042972104
14,2022-11-18 16:00:00,2022-11-24 00:00:00,flat,short,21,5.333333333333333,"fast,slow",2,1,0.07,0.04,-1.7000000000000002,0.049999999999954525,0.03925,0.22793999999999998,0.21,-1.5613099999999547,8.991058679412298,-0.18907673285379126,-0.17365140810114366,-5.664910000001328,1.8727699999999459,-0.6300603968888362,0.20829248999210845
15,2022-11-30 20:00:00,2023-01-31 04:00:00,reversal,long,249,61.333333333333336,"fast,medium,slow",3,9,0.12,0.12,73.165,1.1679999999997108,0.22372499999999998,-40.924400000000006,6.110000000000002,30.84887500000029,78.50991707858535,0.931920484984906,0.39292965969027555,-32.175999999999476,81.83827500000007,-0.4098335751366616,1.0423941082256292
16,2023-01-31 08:00:00,2023-01-31 16:00:00,flat,short,3,0.3333333333333333,fast,1,1,0.04,0.04,-10.292000000000009,0.07499999999993179,0.058875,-0.5764000000000001,0.11000000000000001,-11.00227499999994,9.560381729237708,-1.076526052147568,-1.1508196337341439,-10.425875000000815,0.0,-1.0905291540939461,0.0
17,2023-02-01 20:00:00,2023-02-02 16:00:00,flat,long,6,0.8333333333333334,"fast,medium,slow",3,3,0.09,0.09,-34.89299999999998,0.2969999999999345,0.035324999999999995,-0.4716,0.09,-35.696924999999915,23.53904065328206,-1.4823458829081393,-1.5164987191193229,-35.69692500000019,4.200075000000652,-1.5164987191193346,0.17843016892088306
18,2023-02-03 12:00:00,2023-02-09 08:00:00,reversal,short,24,5.833333333333333,"fast,medium",2,2,0.06,0.06,-0.5910000000000082,0.11999999999995907,0.035324999999999995,1.0611,0.32999999999999996,0.31477500000003267,17.48574160497377,-0.03379896680115071,0.018001810109700797,0.0,13.938449999999648,0.0,0.7971323330109655
19,2023-02-09 12:00:00,2023-02-09 16:00:00,flat,long,2,0.16666666666666666,fast,1,1,0.03,0.03,-6.3299999999999725,0.1799999999999727,0.023549999999999998,0.07074,0.03,-6.462809999999946,7.598637254877302,-0.833044108788976,-0.8505222427681611,-6.557550000001356,0.0,-0.8629902678657666,0.0
20,2023-02-09 20:00:00,2023-03-03 04:00:00,reversal,short,93,21.333333333333332,"fast,medium,slow",3,3,0.09,0.09,13.20899999999999,0.14999999999993177,0.05887499999999998,5.093279999999999,1.6800000000000004,18.093405000000057,23.404307875261523,0.564383278087107,0.773080113987258,-6.4281450000016775,45.88759500000015,-0.2746564877825873,1.9606473835743536
21,2023-03-03 08:00:00,2023-03-07 12:00:00,flat,long,14,4.166666666666667,fast,1,1,0.05,0.05,-5.169999999999959,0.32999999999995,0.043175000000000005,-0.9065200000000002,0.26000000000000006,-6.44969499999991,8.805562200082552,-0.587128894501647,-0.7324569236407693,-6.581174999999348,4.896825000001627,-0.7473883950235057,0.5561058895201171
22,2023-03-07 16:00:00,2023-03-09 12:00:00,flat,short,12,1.8333333333333333,fast,1,1,0.05,0.05,-4.064999999999941,0.04999999999995453,0.03925000000000001,0.20959999999999995,0.15000000000000002,-3.9446499999998954,9.440970267946403,-0.43057015165075385,-0.417822521207657,-3.6180249999997613,2.781974999999875,-0.3832259711995421,0.29467045452363333
23,2023-03-10 16:00:00,2023-04-19 04:00:00,reversal,long,160,39.5,"fast,medium,slow",3,10,0.12,0.12,58.70200000000012,1.0449999999997317,0.231575,-22.270000000000003,3.39,35.155425000000385,85.36960107377794,0.6876218145762306,0.41180261542534835,0.0,140.92649999999958,0.0,1.6507808192544835
24,2023-04-19 08:00:00,2023-05-01 12:00:00,flat,short,50,12.166666666666666,"fast,medium",2,1,0.06,0.06,-8.036999999999988,0.12499999999995452,0.03925,0.9039000000000001,0.40000000000000013,-7.297349999999941,8.693592386927206,-0.9244739852406063,-0.8393940818956692,-15.986995000001116,0.0,-1.838940024844183,0.0
25,2023-05-02 16:00:00,2023-05-11 12:00:00,reversal,long,42,8.833333333333334,"fast,medium,slow",3,3,0.09,0.09,-14.475000000000067,0.30900000000006,0.05887499999999999,-2.9868,0.39,-17.829675000000126,26.581405053892276,-0.5445536069539151,-0.6707574322670861,-18.132525000000896,22.106850000000122,-0.6821507351939539,0.8316659693187681
26,2023-05-11 16:00:00,2023-07-11 04:00:00,reversal,short,256,60.5,"fast,medium,slow",3,12,0.14,0.14,-13.13599999999997,1.3799999999994725,0.396425,10.996139999999999,3.8200000000000003,-3.916284999999446,110.22127549733315,-0.11917844300683857,-0.03553111667714463,-1.1565899999986868,52.922795000000406,-0.010493346178221926,0.48015044973128523
27,2023-07-11 08:00:00,2023-07-27 12:00:00,reversal,long,74,16.166666666666668,"fast,medium,slow",3,5,0.15000000000000002,0.15,-6.160000000000084,0.9999999999997499,0.19232500000000002,-9.861680000000003,1.4400000000000004,-17.214004999999837,45.30567929579668,-0.1359652938825175,-0.37995247544157007,-9.29832499999793,37.4231749999999,-0.20523530701945794,0.8260150952746427
28,2023-07-27 16:00:00,2023-07-31 12:00:00,flat,short,12,3.8333333333333335,"fast,medium",2,2,0.08,0.08,-17.02400000000016,0.06499999999994088,0.051025,0.49256,0.37000000000000005,-16.6474650000001,17.14414699260541,-0.9929919527254946,-0.9710290635737352,-16.385465000001204,0.0,-0.9557468800908299,0.0
29,2023-08-02 16:00:00,2023-08-23 12:00:00,reversal,short,90,20.833333333333332,"fast,medium,slow",3,3,0.13,0.13,20.135000000000037,0.19299999999991546,0.066725,6.838200000000001,2.3,26.71347500000012,24.86040229637981,0.8099225330288444,1.0745391277875722,-6.016200000000026,57.31729500000074,-0.24199930187276614,2.3055658680289066
30,2023-08-23 16:00:00,2023-08-25 16:00:00,flat,long,13,2.0,"fast,medium",2,2,0.11,0.11,-11.438999999999783,0.6399999999998727,0.0785,-0.20174000000000014,0.25,-12.359239999999657,17.90678766033161,-0.6388080440212216,-0.6901986126399837,-12.995899999999892,0.0,-0.7257527283237594,0.0
31,2023-08-29 16:00:00,2023-09-05 04:00:00,reversal,long,28,6.5,"fast,medium,slow",3,3,0.17,0.17,-8.699000000000138,0.5869999999998528,0.11382500000000001,-3.668,0.5,-13.067824999999992,26.72012145631971,-0.3255598974061809,-0.4890630838397351,-10.867824999999357,10.640749999998661,-0.40672812875365705,0.3982298515144647
32,2023-09-05 08:00:00,2023-09-15 12:00:00,reversal,short,50,10.166666666666666,"fast,medium",2,2,0.14,0.14,1.098999999999954,0.31199999999987543,0.10205,2.8741400000000006,0.9600000000000002,3.5590900000000794,18.483509969103466,0.0594584038333094,0.19255487761520176,-0.3801000000003114,26.569445000000997,-0.02056427597548714,1.437467507222046
33,2023-09-15 16:00:00,2023-09-21 08:00:00,flat,long,23,5.666666666666667,"fast,medium",2,2,0.13,0.13,-9.169000000000052,0.31199999999987543,0.10205,-3.65228,0.64,-13.235329999999927,17.587357038151957,-0.521340414032074,-0.7525479792835699,-13.544450000001234,16.76629999999932,-0.7701242415571303,0.9533154961048705
34,2023-09-21 12:00:00,2023-10-11 04:00:00,reversal,short,83,19.666666666666668,"fast,medium,slow",3,4,0.2,0.2,160.11200000000014,0.5939999999997099,0.17270000000000002,7.9019200000000005,2.91,167.24722000000042,37.226624155167,4.301007776924001,4.492677587494507,-6.04406999999992,187.28329999999914,-0.16235879930469096,5.030896683496467
35,2023-10-11 08:00:00,2023-11-07 04:00:00,reversal,long,114,26.833333333333332,"fast,medium,slow",3,2,0.13,0.13,50.001,0.2639999999998509,0.07850000000000001,-18.232579999999995,2.9299999999999993,31.42592000000015,17.66430618283347,2.830623489112297,1.7790633651119847,-6.321700000000419,129.54659999999967,-0.3578798926245954,7.333806301766648
36,2023-11-07 08:00:00,2023-11-15 04:00:00,reversal,short,36,7.833333333333333,"fast,medium",2,2,0.1,0.1,-2.820000000000049,0.2199999999999136,0.0942,1.6505999999999998,0.79,-1.4835999999999627,19.723604461510497,-0.142975894974122,-0.07521951694453843,-1.6099500000018452,25.44312499999978,-0.08162554684888211,1.28998353468559
37,2023-11-15 08:00:00,2023-11-20 12:00:00,flat,long,20,5.166666666666667,fast,1,1,0.05,0.05,-1.5850000000000364,0.15999999999985448,0.03925,-0.9563,0.3,-2.740549999999891,9.24339202628849,-0.17147384807354787,-0.29648747907755973,-6.9962500000001455,9.201749999998356,-0.7568920565202251,0.9954949410160574
38,2023-11-21 12:00:00,2023-12-08 12:00:00,reversal,long,79,17.0,"fast,medium,slow",3,4,0.13,0.13,13.063999999999918,0.2749999999997499,0.09812499999999999,-10.5324,1.5300000000000002,2.158475000000168,32.44198300131005,0.40268808474107076,0.06653338668949448,-7.06499999999869,100.12857500000064,-0.21777337099626112,3.0863888621098567
39,2023-12-08 16:00:00,2023-12-13 20:00:00,flat,short,20,5.166666666666667,"fast,medium",2,2,0.06,0.06,-18.744000000000007,0.054999999999949985,0.043175000000000005,0.7283600000000001,0.35000000000000003,-18.11381499999996,17.184557728741712,-1.0907467213223694,-1.054075134543849,-16.72481499999958,12.673264999999446,-0.9732467523459625,0.7374798467348981
40,2023-12-14 00:00:00,2023-12-15 20:00:00,flat,long,12,1.8333333333333333,fast,1,1,0.03,0.03,-3.825,0.15899999999999181,0.035325,-0.1572,0.03,-4.176524999999993,8.588255329054746,-0.4453756733407451,-0.48630657100639274,-4.011975000001257,2.8610250000001543,-0.4671466841965479,0.33313227080255525
41,2023-12-22 00:00:00,2024-01-03 08:00:00,reversal,long,38,12.333333333333334,"fast,medium",2,2,0.08,0.08,1.1520000000000437,0.14000000000014554,0.0471,-5.24,0.7600000000000002,-4.275100000000102,17.331459174034677,0.06646872536421662,-0.2466670553859015,-0.4473999999991065,27.174999999999272,-0.025814329624904514,1.567957996330269
42,2024-01-03 12:00:00,2024-01-05 16:00:00,flat,short,14,2.1666666666666665,fast,1,1,0.04,0.04,-0.40399999999999636,0.03999999999996362,0.031400000000000004,-0.44016000000000005,0.12,-0.91555999999996,9.181374945139844,-0.04400212412780872,-0.09971926922389888,-2.7890800000004674,2.984599999999773,-0.303775852382204,0.3250711378016067
43,2024-01-08 12:00:00,2024-01-11 12:00:00,flat,short,19,3.0,"fast,medium",2,2,0.08,0.08,-8.407999999999994,0.03999999999996362,0.031400000000000004,0.9432,0.24,-7.536199999999957,19.826243372766054,-0.4240843735202749,-0.38011235201278304,-15.642759999998816,0.0,-0.7889926349580778,0.0
44,2024-01-11 16:00:00,2024-01-12 08:00:00,flat,short,5,0.6666666666666666,"fast,medium",2,2,0.06,0.06,-14.268000000000121,0.14999999999986358,0.05495,0.33011999999999997,0.14,-14.142829999999986,15.072321855728045,-0.9466358359762433,-0.9383312097084221,-14.174070000000938,0.0,-0.9404038830695658,0.0
45,2024-01-12 12:00:00,2024-01-16 08:00:00,flat,long,12,3.8333333333333335,fast,1,1,0.03,0.03,-4.443000000000052,0.13499999999994544,0.035324999999999995,-0.48732000000000003,0.18,-5.100644999999998,7.595184792132246,-0.5849758921734859,-0.6715629888668003,-5.161575000000084,0.0,-0.6795851768276782,0.0
46,2024-01-17 16:00:00,2024-01-19 12:00:00,flat,short,12,1.8333333333333333,"fast,medium,slow",3,3,0.12,0.12,-31.68400000000001,0.11999999999989085,0.0628,0.56592,0.24,-31.300879999999903,29.587605504877615,-1.0708538071719524,-1.0579051418959824,-31.30887999999868,1.3689000000013039,-1.0581755253846854,0.046265994717809664
47,2024-01-29 12:00:00,2024-02-05 04:00:00,reversal,long,29,6.666666666666667,"fast,medium",2,2,0.08,0.08,-11.4119999999999,0.13999999999996363,0.0471,-2.3056,0.35999999999999993,-13.904699999999863,16.25389371004526,-0.7021086887597299,-0.8554688647561695,-11.088199999998324,8.643000000001848,-0.6821873083337301,0.5317495090213544
48,2024-02-05 08:00:00,2024-02-16 20:00:00,reversal,short,58,11.5,"fast,medium,slow",3,3,0.13,0.13,-8.026999999999816,0.16499999999984996,0.098125,2.17198,0.71,-6.118144999999666,27.50607748904317,-0.29182641556933403,-0.22242884331423776,-5.721079999999347,24.564094999999725,-0.2079933062894298,0.8930424561548129
49,2024-02-19 00:00:00,2024-02-23 08:00:00,flat,long,27,4.333333333333333,fast,1,1,0.05,0.05,-1.5149999999999864,0.14999999999986358,0.03925,-1.4541,0.25,-3.15834999999985,9.22600500435334,-0.16420975268115784,-0.3423312688980296,-3.2712499999997817,4.6837500000001455,-0.35456841812422873,0.5076682700464712
50,2024-02-23 16:00:00,2024-03-18 00:00:00,reversal,long,93,23.333333333333332,"fast,medium,slow",3,4,0.15,0.15,140.66499999999968,0.21500000000003183,0.12167499999999999,-18.759199999999996,2.8999999999999995,121.56912499999964,35.213383157524675,3.99464599498277,3.45235572668972,-16.75724999999875,177.62647499999912,-0.47587730849479387,5.044288820684998
51,2024-03-18 04:00:00,2024-03-20 16:00:00,reversal,short,16,2.5,fast,1,1,0.04,0.04,-15.844000000000051,0.06500000000023647,0.051024999999999994,-0.09432000000000013,0.16999999999999998,-16.054345000000286,9.191206978801816,-1.723821478130341,-1.7467069381668046,-5.409024999999019,0.0,-0.5884999665956985,0.0
52,2024-03-20 20:00:00,2024-03-22 08:00:00,flat,long,10,1.5,"fast,medium,slow",3,3,0.1,0.1,-22.390000000000143,0.27200000000020735,0.0785,-0.13624000000000008,0.12,-22.87674000000035,25.046309960687623,-0.8939440594300402,-0.9133776606576935,-23.391700000000128,7.121449999998731,-0.9339379747641648,0.2843313051374223
53,2024-03-28 12:00:00,2024-04-23 00:00:00,reversal,long,100,25.5,"fast,medium,slow",3,4,0.09,0.09,91.767,0.2170000000003256,0.06672499999999999,-14.672,2.26,76.81127499999967,35.958380806374834,2.5520337106984305,2.1361160674504642,0.0,141.07027500000004,0.0,3.9231542643597175
54,2024-04-23 04:00:00,2024-04-26 04:00:00,reversal,short,19,3.0,"fast,medium",2,1,0.04,0.04,-8.301999999999953,0.02500000000009095,0.019625,0.4192,0.13,-7.927425000000044,9.465531823491533,-0.8770769730440365,-0.8375044474865935,-11.70902500000011,0.8353749999987485,-1.2370171289203933,0.08825441777349657
55,2024-04-26 08:00:00,2024-04-30 08:00:00,flat,long,13,4.0,fast,1,1,0.02,0.02,-6.8460000000000045,0.09000000000005458,0.023550000000000005,-0.32488000000000017,0.12000000000000002,-7.28443000000006,8.05146934969891,-0.85027958285105,-0.9047329976201754,-7.388750000000073,0.0,-0.9176896388826692,0.0
56,2024-04-30 16:00:00,2024-05-09 12:00:00,flat,short,42,8.833333333333334,"fast,medium",2,2,0.04,0.04,-13.252000000000045,0.0640000000001237,0.02355,0.64976,0.21999999999999997,-12.689790000000169,14.973855362531314,-0.8850092163411821,-0.8474631077146303,-13.287630000000718,3.1492600000001403,-0.88738869705193,0.21031724454080483
57,2024-05-09 20:00:00,2024-05-22 16:00:00,reversal,long,54,12.833333333333334,"fast,medium,slow",3,4,0.09,0.09,1.5559999999999494,0.18000000000024557,0.051025,-5.40244,0.8199999999999998,-4.077465000000297,35.18624638828058,0.04422182414200918,-0.11588235229769694,-6.428475000002436,48.683774999999514,-0.1826985160356166,1.3836024014262156
58,2024-05-22 20:00:00,2024-06-06 00:00:00,reversal,short,62,14.166666666666666,"fast,medium",2,2,0.06,0.04,-3.269999999999982,0.09500000000025466,0.058875000000000004,-0.3301200000000001,0.47000000000000003,-3.7539950000002364,14.854841885285275,-0.22013024610104653,-0.2527118786581513,-0.7754999999997381,10.61775999999918,-0.05220520056614828,0.7147676213583121
59,2024-06-06 04:00:00,2024-06-07 12:00:00,flat,long,9,1.3333333333333333,"fast,medium",2,2,0.06,0.06,-30.11999999999989,0.12000000000007277,0.031400000000000004,-0.2672400000000001,0.08000000000000002,-30.538639999999965,18.151181197782456,-1.6593961391162617,-1.6824602028506495,-30.59780000000137,9.80619999999908,-1.685719494868991,0.540251341945565
60,2024-06-07 16:00:00,2024-06-20 00:00:00,reversal,short,51,12.333333333333334,"fast,medium,slow",3,3,0.06,0.06,-15.97400000000007,0.09000000000023646,0.05495,1.4776799999999997,0.66,-14.641270000000308,23.09074373485946,-0.6917923555612703,-0.6340752887009345,-10.938519999999698,11.770889999997962,-0.47371882541341087,0.5097666032397118
61,2024-06-20 04:00:00,2024-06-21 16:00:00,flat,long,10,1.5,"fast,medium,slow",3,2,0.06,0.06,-14.246999999999934,0.15000000000009095,0.03925,-0.22008,0.1,-14.656330000000024,16.009872548619455,-0.8898884083389199,-0.9154557574078783,-17.884650000001784,6.4513499999993655,-1.1171013351723398,0.40296073440982333
62,2024-06-26 16:00:00,2024-06-27 16:00:00,flat,short,7,1.0,fast,1,1,0.03,0.03,-7.697999999999956,0.015000000000054569,0.011774999999999999,0.07074,0.03,-7.654035000000011,7.954674540040596,-0.9677328671652567,-0.9622059282843958,-7.654034999999567,0.47722499999872525,-0.96220592828434,0.059993026439556854
63,2024-07-03 08:00:00,2024-07-25 00:00:00,reversal,long,95,21.666666666666668,"fast,medium,slow",3,4,0.12,0.12,54.664000000000215,0.2600000000003092,0.0942,-12.471199999999996,1.86,41.83859999999991,34.838138476595255,1.56908498531643,1.200942467925135,-7.477500000000873,125.97689999999966,-0.21463546351721294,3.616062898556784
64,2024-07-25 04:00:00,2024-07-30 16:00:00,reversal,short,22,5.5,"fast,medium",2,2,0.06,0.06,-16.62600000000002,0.1160000000002583,0.051025,0.42706,0.31000000000000005,-16.365965000000276,19.843492453973543,-0.8378565435778801,-0.824752247516948,-12.991330000000744,9.018229999997857,-0.6546896938698564,0.45446788265298577
65,2024-07-30 20:00:00,2024-08-05 08:00:00,reversal,long,22,5.5,"fast,medium",2,2,0.05,0.05,-19.313999999999986,0.17200000000020738,0.03925,-1.18686,0.21,-20.71211000000019,16.616156848199502,-1.1623626435671746,-1.2465042421794736,-6.454850000001898,17.820449999997436,-0.38846828776181985,1.0724772378354401
66,2024-08-05 12:00:00,2024-08-08 12:00:00,flat,short,19,3.0,fast,1,1,0.01,0.01,-3.3519999999999985,0.02000000000007276,0.015700000000000002,-0.03929999999999995,0.060000000000000005,-3.427000000000071,5.420269307218575,-0.6184194566745772,-0.6322564075250063,-4.146119999999428,0.0,-0.7649287821322331,0.0
67,2024-08-09 12:00:00,2024-08-14 16:00:00,flat,long,20,5.166666666666667,fast,1,1,0.02,0.02,2.9140000000000326,0.030000000000018193,0.007850000000000001,-0.7336,0.1,2.1425500000000146,7.974515957740335,0.36541402831749376,0.2686746144034464,-0.5802499999990687,8.178550000000541,-0.07276303703873818,1.0255857588525061
68,2024-08-16 12:00:00,2024-09-04 04:00:00,reversal,long,77,18.666666666666668,"fast,medium,slow",3,5,0.06,0.06,-21.688999999999986,0.21000000000026375,0.07849999999999999,-4.5064,0.6000000000000001,-26.483900000000247,38.60841510117654,-0.5617687217453027,-0.6859618539273628,-23.59349999999904,19.67685000000165,-0.611097345958655,0.5096518452890864
69,2024-09-04 08:00:00,2024-09-05 04:00:00,reversal,short,6,0.8333333333333334,fast,1,1,0.03,0.03,-12.44099999999994,0.02500000000009095,0.019625,-0.24366000000000002,0.05,-12.729285000000031,8.63470042130252,-1.4408143181559563,-1.474201116299974,-7.064624999999069,0.0,-0.8181667753718536,0.0
70,2024-09-05 08:00:00,2024-09-06 16:00:00,flat,long,9,1.3333333333333333,fast,1,1,0.03,0.03,-7.733999999999924,0.09000000000005456,0.023549999999999998,-0.08646000000000001,0.06,-7.9340099999999785,8.779403927792941,-0.8809254094707291,-0.9037071383494839,-8.010749999999462,1.9792500000003201,-0.9124480506745847,0.22544241229573825
71,2024-09-12 16:00:00,2024-10-08 12:00:00,reversal,long,108,25.833333333333332,"fast,medium,slow",3,7,0.09,0.09,31.21200000000026,0.40500000000051833,0.15307499999999996,-10.0608,1.5599999999999998,20.593124999999738,66.67485534897497,0.4681225004034463,0.30885893778420215,0.0,71.40682500000003,0.0,1.0709708274019945
72,2024-10-08 16:00:00,2024-10-11 08:00:00,flat,short,17,2.6666666666666665,"fast,medium",2,2,0.04,0.04,-9.251999999999953,0.06500000000014551,0.035324999999999995,0.2672399999999999,0.12999999999999998,-9.085085000000099,15.121258968256209,-0.6118538158378554,-0.600815383102178,-10.194885000000795,0.7734849999978906,-0.6742087428965231,0.05115215615456715
73,2024-10-11 16:00:00,2024-11-06 04:00:00,reversal,long,106,25.5,"fast,medium,slow",3,3,0.08,0.08,42.21499999999992,0.11000000000012734,0.03925000000000001,-11.009239999999998,1.6500000000000001,31.05650999999979,25.034966124682164,1.6862415467133318,1.2405253454439844,-3.661050000000614,78.98360000000139,-0.14623746570166743,3.1549313710526996
74,2024-11-06 08:00:00,2024-11-20 12:00:00,reversal,short,62,14.166666666666666,"fast,medium,slow",3,5,0.06,0.06,19.634000000000015,0.20400000000036017,0.08635,0.7073999999999998,0.6400000000000001,20.051049999999655,38.943854662048764,0.5041617007453958,0.514870707432555,-4.7789300000004005,65.54155999999966,-0.12271332772452859,1.6829756727669454
75,2024-11-20 16:00:00,2024-11-25 16:00:00,flat,long,19,5.0,"fast,medium",2,1,0.04,0.04,-11.76399999999994,0.060000000000036385,0.015700000000000002,-0.8384,0.16,-12.678099999999977,6.737500413460809,-1.7460481303268969,-1.881721591388771,-17.488100000000486,18.468699999999444,-2.5956362043497796,2.7411797946759227
76,2024-11-29 04:00:00,2024-12-02 00:00:00,flat,long,6,2.8333333333333335,fast,1,1,0.02,0.02,-5.300000000000001,0.030000000000018193,0.007850000000000001,-0.3144,0.06,-5.652250000000019,7.641550469378448,-0.693576522361318,-0.739673188399391,-5.652250000001004,0.3221499999999651,-0.7396731883995199,0.04215767484503289
77,2024-12-06 00:00:00,2024-12-09 08:00:00,flat,short,9,3.3333333333333335,fast,1,1,0.02,0.02,-7.619999999999982,0.01000000000003638,0.007850000000000001,0.14148,0.06,-7.496370000000019,6.848507886168451,-1.1126511243988886,-1.0945990169829576,-7.4763700000003155,0.0,-1.0916786728244736,0.0
78,2024-12-09 12:00:00,2024-12-13 12:00:00,reversal,long,25,4.0,"fast,medium",2,2,0.04,0.04,-4.143999999999959,0.10000000000009096,0.031400000000000004,-1.1056400000000002,0.16,-5.38104000000005,14.102230628789915,-0.2938542212988576,-0.38157367735956443,-4.2163500000006024,17.228699999999662,-0.2989846153411263,1.2217003432653422
79,2024-12-13 16:00:00,2025-01-02 00:00:00,flat,short,67,19.333333333333332,"fast,medium,slow",3,3,0.06,0.06,-9.422000000000025,0.10000000000018189,0.047099999999999996,1.1108799999999999,0.4800000000000001,-8.458220000000209,20.878242898943043,-0.451283187268456,-0.4051212566565362,-8.795060000002195,14.45241999999962,-0.42125479824010686,0.6922239610849278
80,2025-01-02 12:00:00,2025-01-06 12:00:00,flat,long,13,4.0,"fast,medium",2,2,0.06,0.06,-12.720000000000027,0.10500000000010913,0.035324999999999995,-1.2104400000000002,0.26,-14.070765000000137,16.708962442454137,-0.7612680945215993,-0.8421088411958562,-14.153925000000527,5.377050000000963,-0.8470858109081765,0.3218063370792523
81,2025-01-09 12:00:00,2025-02-27 04:00:00,reversal,long,209,48.666666666666664,"fast,medium,slow",3,9,0.09,0.09,132.19699999999983,0.4550000000006093,0.17662499999999998,-22.217599999999997,3.5,109.34777499999922,75.9136698211382,1.7414123215419828,1.440422723043634,-8.385150000000067,156.8844749999971,-0.1104563910525798,2.0666169264328276
82,2025-02-27 08:00:00,2025-03-04 08:00:00,flat,short,19,5.0,"fast,medium",2,1,0.04,0.04,-10.776000000000021,0.05500000000010914,0.027475,0.32488,0.17,-10.533595000000131,8.483327455015962,-1.2702562829433708,-1.24168199988224,-11.191195000001244,12.286535000001095,-1.3191987530063092,1.4483155418852067
83,2025-03-04 12:00:00,2025-03-06 08:00:00,flat,long,12,1.8333333333333333,fast,1,1,0.02,0.02,-5.685999999999968,0.060000000000036385,0.015700000000000002,-0.37204000000000004,0.06,-6.133740000000004,8.669895075239136,-0.6558326197324983,-0.7074756899328244,-6.137049999999363,0.0,-0.7078574707929887,0.0
84,2025-03-10 16:00:00,2025-03-12 12:00:00,reversal,short,12,1.8333333333333333,fast,1,1,0.04,0.02,-9.994000000000051,0.01000000000003638,0.007850000000000001,0.18864,0.04,-9.823210000000088,8.490795798695098,-1.1770392595633936,-1.1569245372159065,-6.29269000000204,0.0,-0.7411189892199653,0.0
85,2025-03-12 16:00:00,2025-04-04 20:00:00,reversal,long,104,23.166666666666668,"fast,medium,slow",3,6,0.07,0.07,48.53199999999988,0.22500000000027284,0.082425,-8.294920000000001,1.2900000000000003,39.92965499999961,45.93288146391321,1.0565851401708524,0.8693043790725391,-1.2575499999984459,116.28337500000089,-0.02737799066636892,2.5315933007895
86,2025-04-07 00:00:00,2025-04-09 12:00:00,flat,short,16,2.5,"fast,medium",2,1,0.02,0.02,-6.848000000000002,0.03000000000006367,0.015700000000000006,0.13624000000000003,0.05000000000000001,-6.757460000000065,7.789728750914566,-0.8791063487539281,-0.8674833509711996,-13.213060000000041,1.647225000000617,-1.6962156735494467,0.21146115001850632
87,2025-04-10 04:00:00,2025-04-30 20:00:00,reversal,long,83,20.666666666666668,"fast,medium,slow",3,3,0.03,0.03,30.20900000000006,0.060000000000081856,0.0157,-3.7204,0.55,26.41289999999998,26.307762493002304,1.1482922581513901,1.0039964442823917,-2.0489250000009633,95.35442500000136,-0.07788290625422684,3.6245737365678674
88,2025-05-01 00:00:00,2025-05-05 16:00:00,flat,short,17,4.666666666666667,"fast,medium",2,2,0.02,0.02,-9.913999999999987,0.035000000000081855,0.019625000000000004,0.08384,0.1,-9.884785000000068,15.909899313121961,-0.6231340503722262,-0.6212977722522369,-10.762985000001208,5.402299999999741,-0.6764961102628885,0.3395558886751786
89,2025-05-05 20:00:00,2025-05-08 16:00:00,flat,long,18,2.8333333333333335,"fast,medium",2,2,0.02,0.02,-7.727999999999975,0.05700000000006185,0.015700000000000002,-0.42444000000000004,0.07,-8.225140000000037,14.426865942586344,-0.5356672773390001,-0.570126598024345,-8.24237499999981,13.28675000000112,-0.5713212441843885,0.920972722202974
90,2025-05-12 08:00:00,2025-05-20 12:00:00,reversal,short,38,8.166666666666666,"fast,medium,slow",3,3,0.03,0.03,-23.55599999999995,0.01500000000005457,0.011775,0.51876,0.2,-23.064015000000005,23.370953827188085,-1.0079177843651634,-0.9868666538191946,-13.399755000000368,18.669284999998126,-0.5733507968516055,0.7988242644285928
91,2025-05-20 16:00:00,2025-05-27 12:00:00,flat,long,30,6.833333333333333,"fast,medium",2,2,0.02,0.02,-4.357999999999992,0.08000000000006366,0.02355,-0.6104600000000001,0.14,-5.072010000000056,14.205628075332058,-0.30677981831494083,-0.3570422914849893,-5.113750000000437,7.876374999998006,-0.3599805635401941,0.5544545414134316
92,2025-05-29 00:00:00,2025-05-29 16:00:00,flat,short,5,0.6666666666666666,fast,1,1,0.01,0.01,-5.7289999999999965,0.00500000000001819,0.0039250000000000005,0.0,0.0,-5.737925000000015,5.946253057328468,-0.9634638729240227,-0.9649648181266522,-5.736925000001065,0.0,-0.9647966449948819,0.0
93,2025-06-02 08:00:00,2025-06-06 12:00:00,reversal,long,26,4.166666666666667,"fast,medium",2,2,0.02,0.02,-7.813000000000011,0.030000000000018193,0.007850000000000001,-0.6288,0.08,-8.47965000000003,12.26828826353439,-0.6368451598274681,-0.691184443815564,-2.833650000000489,3.895150000000285,-0.23097354244789634,0.31749743047512363
94,2025-06-06 16:00:00,2025-06-11 20:00:00,reversal,short,20,5.166666666666667,fast,1,1,0.01,0.01,-4.303999999999997,0.015000000000054572,0.011775000000000002,0.06026000000000007,0.07000000000000002,-4.270515000000051,5.661818920563267,-0.7601797338251526,-0.7542655566906047,-3.053715000000011,1.7929649999987305,-0.539352289934453,0.3166765001061456
95,2025-06-12 00:00:00,2025-06-24 04:00:00,reversal,long,50,12.166666666666666,"fast,medium,slow",3,3,0.03,0.03,-13.461999999999945,0.09800000000013825,0.023549999999999998,-1.5484200000000001,0.25000000000000006,-15.131970000000083,16.884844645195205,-0.7972830240893407,-0.8961865103275365,-13.226950000002034,10.904899999999543,-0.7833622563868794,0.6458395223140339
96,2025-06-24 08:00:00,2025-07-01 08:00:00,reversal,short,31,7.0,"fast,medium,slow",3,4,0.05,0.05,-20.807999999999993,0.12400000000020556,0.0471,0.63142,0.26,-20.3476800000002,30.23939084324723,-0.6881090994148328,-0.6728865705488921,-18.787280000000464,10.392520000001241,-0.6212850019826328,0.3436749124303871
97,2025-07-01 12:00:00,2025-07-03 12:00:00,flat,long,13,2.0,fast,1,1,0.02,0.02,-6.0080000000000835,0.04500000000002729,0.011775000000000002,-0.30130000000000007,0.09000000000000001,-6.366075000000111,9.357842695079825,-0.6420283173983011,-0.6802930127632165,-6.4669749999993655,0.12182500000017171,-0.6910754124344896,0.013018491971897004
98,2025-07-07 04:00:00,2025-07-10 08:00:00,flat,short,20,3.1666666666666665,fast,1,1,0.02,0.02,-4.185999999999968,0.01000000000003638,0.007850000000000001,0.2358,0.06,-3.9680500000000043,8.291633864724444,-0.5048462182837932,-0.47856068716221284,-5.703849999999875,4.720789999999397,-0.6879042288958367,0.5693437598690065
99,2025-07-11 12:00:00,2025-07-15 16:00:00,flat,long,14,4.166666666666667,fast,1,1,0.02,0.02,-5.165999999999985,0.030000000000018193,0.007850000000000001,-0.4192,0.08,-5.623050000000004,7.7214280303886635,-0.6690472254184763,-0.7282396439971692,-5.627050000000963,2.097749999998996,-0.7287576828865064,0.2716790199614674
100,2025-07-17 12:00:00,2025-07-18 12:00:00,flat,short,7,1.0,fast,1,1,0.02,0.02,-9.369999999999981,0.01000000000003638,0.007850000000000001,0.04716,0.02,-9.340690000000018,8.27980391853451,-1.1316693115189655,-1.1281293726160222,-9.340689999999086,0.0,-1.1281293726159094,0.0
101,2025-07-21 12:00:00,2025-07-25 04:00:00,reversal,long,23,3.6666666666666665,"fast,medium,slow",3,3,0.06,0.06,-20.323999999999977,0.11000000000012733,0.03925,-1.6768,0.19999999999999998,-22.150050000000103,22.426564435640252,-0.9062466994588398,-0.9876702275806136,-20.437400000000707,24.818049999999857,-0.9113032028892322,1.106636287123812
102,2025-07-25 08:00:00,2025-08-01 08:00:00,reversal,short,31,7.0,"fast,medium,slow",3,3,0.06,0.06,-20.727999999999884,0.040000000000145516,0.0314,0.5082800000000001,0.24,-20.29112000000003,23.577584982275745,-0.8791400822256388,-0.860610618740372,-1.4997999999995955,18.998570000001564,-0.06361126472991435,0.8057894824378147
103,2025-08-01 12:00:00,2025-08-11 08:00:00,flat,long,36,9.833333333333334,fast,1,1,0.02,0.02,4.1300000000000185,0.12000000000007277,0.031400000000000004,-1.1161200000000004,0.2600000000000001,2.862479999999945,8.878930444883522,0.46514611479808676,0.3223901817644542,0.0,10.231400000000576,0.0,1.1523234767422257
104,2025-08-11 12:00:00,2025-08-22 12:00:00,reversal,short,55,11.0,"fast,medium",2,2,0.04,0.04,-13.370000000000076,0.030000000000109148,0.02355000000000001,0.8383999999999998,0.3,-12.585150000000185,15.833997995181427,-0.8443856064696237,-0.7948182135573135,-3.6911400000008143,9.160859999999957,-0.233114845734103,0.5785563445686789
105,2025-08-22 16:00:00,2025-10-28 04:00:00,flat,long,280,66.5,"fast,medium,slow",3,7,0.06,0.06,331.59,0.32300000000032014,0.09419999999999998,-20.551280000000006,3.08,310.62151999999963,50.17804857546411,6.608268145408503,6.190386609651581,-2.484600000001592,473.4191749999991,-0.049515676088218843,9.434786494098336
106,2025-11-04 16:00:00,2025-11-06 08:00:00,flat,short,11,1.6666666666666667,fast,1,1,0.01,0.01,-5.590999999999986,0.00500000000001819,0.0039250000000000005,0.09432,0.02,-5.5056050000000045,9.802094421408468,-0.5703883027069038,-0.5616763890761319,-5.505605000000287,2.318074999999226,-0.5616763890761607,0.23648772398441562
107,2025-11-10 00:00:00,2025-11-14 08:00:00,reversal,long,27,4.333333333333333,"fast,medium",2,2,0.02,0.02,-0.16399999999994175,0.03400000000001455,0.007850000000000001,-0.6288,0.08,-0.8346499999999564,15.783803633684503,-0.010390397891795002,-0.05288015609993491,0.0,34.73815000000104,0.0,2.200873173932912
108,2025-11-14 12:00:00,2025-11-19 04:00:00,flat,short,17,4.666666666666667,fast,1,1,0.01,0.01,-3.9639999999999875,0.015000000000054572,0.011775000000000002,0.06026000000000007,0.07000000000000002,-3.9305150000000424,9.344114266910646,-0.4242242642555533,-0.4206407250303833,-4.427775000000111,3.7645450000018172,-0.47385711192335656,0.40287874189775424
109,2025-11-24 20:00:00,2025-12-31 00:00:00,reversal,long,150,36.166666666666664,"fast,medium,slow",3,5,0.03,0.03,44.744999999999976,0.09500000000007275,0.0314,-5.6068,0.8500000000000001,39.01179999999991,39.04099461291051,1.1461029731348904,0.9992522062206646,-4.707900000001246,88.03917499999807,-0.12058862861153606,2.2550443674117946
110,2025-12-31 04:00:00,2026-01-05 04:00:00,reversal,short,13,5.0,"fast,medium",2,1,0.02,0.02,-9.955000000000018,0.027000000000043656,0.011775,0.16505999999999998,0.07,-9.828715000000061,10.223363499623076,-0.9737499796781214,-0.9613973914125654,-22.504715000000942,0.0,-2.201302438363917,0.0
111,2026-01-05 08:00:00,2026-02-02 04:00:00,flat,long,120,27.833333333333332,"fast,medium,slow",3,3,0.03,0.03,83.78000000000011,0.07800000000006546,0.023549999999999998,-4.378020000000001,0.6500000000000001,79.30043000000005,28.00334194290597,2.991785772241514,2.8318202220892092,-1.8508500000007189,307.0681000000004,-0.06609389707036703,10.965409079604136
112,2026-04-21 16:00:00,2026-05-06 04:00:00,reversal,short,64,14.5,"fast,medium",2,2,0.02,0.02,2.4089999999999225,0.030000000000018193,0.011775,0.5895,0.17000000000000004,2.9567249999999046,19.053993784972896,0.1264301871400736,0.15517612912898882,-4.529184999999416,26.041009999999005,-0.2377026596687251,1.366695627902245
113,2026-05-06 08:00:00,2026-05-11 08:00:00,flat,long,19,5.0,fast,1,1,0.01,0.01,-3.2690000000000508,0.03999999999996362,0.007850000000000001,-0.19126,0.060000000000000005,-3.5081100000000145,9.907281704939239,-0.3299593266203688,-0.35409410012547227,-3.615850000000137,4.833750000001601,-0.3649689296911249,0.48789871368972504
114,2026-05-15 00:00:00,2026-05-25 00:00:00,flat,short,37,10.0,"fast,medium,slow",3,3,0.03,0.03,-9.17299999999996,0.05500000000001819,0.019625,0.33011999999999997,0.12,-8.917504999999977,29.030015301598336,-0.3159832988270906,-0.30718223560526325,-8.911505000000034,16.9821350000002,-0.30697555297221574,0.5849853961001941
115,2026-05-27 12:00:00,2026-05-29 08:00:00,flat,short,12,1.8333333333333333,"fast,medium,slow",3,3,0.03,0.03,-22.916999999999828,0.015000000000054569,0.011774999999999999,0.14148,0.06,-22.80229499999988,26.034204478980193,-0.8802650381924606,-0.8758591036807085,-22.79929500000071,19.681964999999764,-0.8757438706609483,0.7560040874646592
116,2026-05-29 16:00:00,2026-06-01 16:00:00,flat,long,7,3.0,fast,1,1,0.01,0.01,-8.69300000000003,0.00500000000001819,0.0039250000000000005,-0.08646000000000001,0.060000000000000005,-8.78838500000005,9.671857801672296,-0.8987931975692386,-0.908655315267405,-8.85412499999984,0.0,-0.9154523548173892,0.0
117,2026-06-03 08:00:00,2026-06-04 12:00:00,flat,short,8,1.1666666666666667,fast,1,1,0.01,0.01,-6.007999999999994,0.00500000000001819,0.0039250000000000005,0.02358,0.01,-5.993345000000012,8.586422999424741,-0.6997092969217226,-0.6980025326496895,-5.994344999999157,0.9670750000004773,-0.6981189955818339,0.11262839019988508
118,2026-06-05 12:00:00,2026-07-03 00:00:00,flat,short,117,27.5,"fast,medium,slow",3,3,0.03,0.03,32.80500000000002,0.05900000000001455,0.019625,1.4147999999999998,0.48000000000000004,34.14117500000001,29.01162074124577,1.1307537863047137,1.176810330746588,0.0,88.60940499999924,0.0,3.054272830542811
119,2026-07-08 08:00:00,2026-07-21 08:00:00,flat,short,55,13.0,"fast,medium",2,2,0.02,0.02,-8.951000000000024,0.03000000000006367,0.011775,0.4480199999999999,0.16999999999999998,-8.544755000000087,18.389584853960763,-0.48674290752529686,-0.46465187049395035,-8.54075499999999,9.320455000000948,-0.4644343560676127,0.506833355620505
120,2026-07-22 00:00:00,2026-07-23 12:00:00,flat,long,10,1.5,"fast,medium",2,2,0.02,0.02,-12.084000000000014,0.04399999999995999,0.007850000000000001,-0.1048,0.02,-12.240649999999974,16.18256071657127,-0.7467297797700059,-0.7564099535535992,-12.24264999999832,4.899075000001176,-0.7565335433879509,0.30273793411350675
121,2026-08-05 04:00:00,2026-08-28 20:00:00,end_of_data,long,107,23.666666666666668,"fast,medium,slow",3,5,0.03,0.03,42.627000000000045,0.1449999999999818,0.04317499999999999,-3.5108,0.53,38.92802500000006,43.40589717404514,0.9820554987972732,0.8968372395094127,0.0,119.40707500000099,0.0,2.750941295400785
