idx,sleeve,direction,entry_bar,entry_time,entry_price,sl,tp,entry_atr,entry_spread_points,exit_bar,exit_time,exit_price,exit_reason,bars_held,lots,points,gross,r_multiple
1,fast,long,161,2022-02-22 04:00:00,1909.27,1879.63,0,11.85742,0,172,2022-02-24 04:00:00,1913.34,EXIT_PROTECTIVE_STOP,11,0.03,4.07,12.21,0.1373
2,medium,long,161,2022-02-22 04:00:00,1909.27,1879.63,0,11.85742,0,172,2022-02-24 04:00:00,1913.34,EXIT_PROTECTIVE_STOP,11,0.03,4.07,12.21,0.1373
3,slow,long,161,2022-02-22 04:00:00,1909.27,1879.63,0,11.85742,0,172,2022-02-24 04:00:00,1913.34,EXIT_PROTECTIVE_STOP,11,0.03,4.07,12.21,0.1373
4,fast,long,215,2022-03-07 04:00:00,1997.79,1951.17,0,18.64702,0,232,2022-03-10 04:00:00,1974.6,EXIT_CHANNEL,17,0.02,-23.19,-46.38,-0.49745
5,medium,long,215,2022-03-07 04:00:00,1997.79,1951.17,0,18.64702,0,247,2022-03-14 16:00:00,1958.77,EXIT_PROTECTIVE_STOP,32,0.02,-39.02,-78.04,-0.83702
6,slow,long,215,2022-03-07 04:00:00,1997.79,1951.17,0,18.64702,0,247,2022-03-14 16:00:00,1958.77,EXIT_PROTECTIVE_STOP,32,0.02,-39.02,-78.04,-0.83702
7,fast,short,251,2022-03-15 04:00:00,1941.01,1995.82,0,21.92364,0,263,2022-03-17 08:00:00,1934.29,EXIT_CHANNEL,12,0.01,6.72,6.72,0.12261
8,fast,long,292,2022-03-24 00:00:00,1943.71,1913.26,0,12.18049,0,310,2022-03-29 04:00:00,1922.38,EXIT_PROTECTIVE_STOP,18,0.03,-21.33,-63.99,-0.70046
9,fast,long,389,2022-04-18 04:00:00,1987.42,1953.28,0,13.65596,0,394,2022-04-19 04:00:00,1975.62,EXIT_PROTECTIVE_STOP,5,0.02,-11.8,-23.6,-0.34564
10,medium,long,389,2022-04-18 04:00:00,1987.42,1953.28,0,13.65596,0,394,2022-04-19 04:00:00,1975.62,EXIT_PROTECTIVE_STOP,5,0.02,-11.8,-23.6,-0.34564
11,slow,long,389,2022-04-18 04:00:00,1987.42,1953.28,0,13.65596,0,394,2022-04-19 04:00:00,1975.62,EXIT_PROTECTIVE_STOP,5,0.02,-11.8,-23.6,-0.34564
12,fast,short,491,2022-05-11 04:00:00,1832.4,1871.73,0,15.73337,0,538,2022-05-23 04:00:00,1852.36,EXIT_CHANNEL,47,0.02,-19.96,-39.92,-0.50746
13,medium,short,491,2022-05-11 04:00:00,1832.4,1871.73,0,15.73337,0,538,2022-05-23 04:00:00,1852.36,EXIT_CHANNEL,47,0.02,-19.96,-39.92,-0.50746
14,fast,long,539,2022-05-23 04:00:00,1852.36,1818.45,0,13.56459,0,574,2022-05-31 04:00:00,1846.31,EXIT_CHANNEL,35,0.02,-6.05,-12.1,-0.17841
15,fast,short,581,2022-06-01 04:00:00,1834.52,1862.12,0,11.04006,0,586,2022-06-02 04:00:00,1847.08,EXIT_PROTECTIVE_STOP,5,0.03,-12.56,-37.68,-0.45507
16,slow,short,491,2022-05-11 04:00:00,1832.4,1871.73,0,15.73337,0,592,2022-06-03 04:00:00,1873.36,EXIT_PROTECTIVE_STOP,101,0.02,-40.96,-81.92,-1.04135
17,fast,long,593,2022-06-03 04:00:00,1873.36,1844.74,0,11.44713,0,598,2022-06-06 04:00:00,1850.85,EXIT_PROTECTIVE_STOP,5,0.03,-22.51,-67.53,-0.78657
18,medium,long,593,2022-06-03 04:00:00,1873.36,1844.74,0,11.44713,0,598,2022-06-06 04:00:00,1850.85,EXIT_PROTECTIVE_STOP,5,0.03,-22.51,-67.53,-0.78657
19,fast,long,845,2022-08-02 04:00:00,1780.23,1750.06,0,12.06829,0,850,2022-08-03 04:00:00,1756.66,EXIT_CHANNEL,5,0.03,-23.57,-70.71,-0.78122
20,medium,long,845,2022-08-02 04:00:00,1780.23,1750.06,0,12.06829,0,922,2022-08-19 04:00:00,1755.37,EXIT_PROTECTIVE_STOP,77,0.03,-24.86,-74.58,-0.82398
21,fast,short,929,2022-08-22 04:00:00,1745.28,1770.69,0,10.16345,0,994,2022-09-06 04:00:00,1723.89,EXIT_CHANNEL,65,0.03,21.39,64.17,0.84184
22,medium,short,929,2022-08-22 04:00:00,1745.28,1770.69,0,10.16345,0,994,2022-09-06 04:00:00,1723.89,EXIT_CHANNEL,65,0.03,21.39,64.17,0.84184
23,fast,long,995,2022-09-06 04:00:00,1723.89,1699.0,0,9.95531,0,1000,2022-09-07 04:00:00,1696.15,EXIT_PROTECTIVE_STOP,5,0.03,-27.74,-83.22,-1.11458
24,slow,short,977,2022-09-01 04:00:00,1705.95,1733.1,0,10.86008,0,1018,2022-09-12 04:00:00,1716.84,EXIT_PROTECTIVE_STOP,41,0.03,-10.89,-32.67,-0.4011
25,fast,short,1079,2022-09-26 04:00:00,1627.87,1666.05,0,15.27335,0,1102,2022-09-30 04:00:00,1664.63,EXIT_PROTECTIVE_STOP,23,0.02,-36.76,-73.52,-0.96272
26,medium,short,1079,2022-09-26 04:00:00,1627.87,1666.05,0,15.27335,0,1102,2022-09-30 04:00:00,1664.63,EXIT_PROTECTIVE_STOP,23,0.02,-36.76,-73.52,-0.96272
27,slow,short,1079,2022-09-26 04:00:00,1627.87,1666.05,0,15.27335,0,1102,2022-09-30 04:00:00,1664.63,EXIT_PROTECTIVE_STOP,23,0.02,-36.76,-73.52,-0.96272
28,fast,short,1194,2022-10-21 08:00:00,1621.75,1651.99,0,12.09791,0,1196,2022-10-21 20:00:00,1651.41,EXIT_PROTECTIVE_STOP,2,0.03,-29.66,-88.98,-0.98067
29,medium,short,1194,2022-10-21 08:00:00,1621.75,1651.99,0,12.09791,0,1196,2022-10-21 20:00:00,1651.41,EXIT_PROTECTIVE_STOP,2,0.03,-29.66,-88.98,-0.98067
30,fast,long,1213,2022-10-26 12:00:00,1672.89,1645.62,0,10.90905,0,1224,2022-10-28 12:00:00,1650.5,EXIT_CHANNEL,11,0.03,-22.39,-67.17,-0.82097
31,fast,short,1249,2022-11-03 12:00:00,1623.99,1647.76,0,9.5074,0,1253,2022-11-04 08:00:00,1647.08,EXIT_PROTECTIVE_STOP,4,0.04,-23.09,-92.36,-0.97145
32,fast,long,1257,2022-11-04 20:00:00,1674.36,1648.77,0,10.23578,0,1307,2022-11-17 08:00:00,1762.93,EXIT_CHANNEL,50,0.03,88.57,265.71,3.46119
33,medium,long,1269,2022-11-08 20:00:00,1714.84,1688.35,0,10.59697,0,1316,2022-11-18 20:00:00,1751.16,EXIT_CHANNEL,47,0.03,36.32,108.96,1.37096
34,slow,long,1269,2022-11-08 20:00:00,1714.84,1688.35,0,10.59697,0,1322,2022-11-21 20:00:00,1736.5,EXIT_CHANNEL,53,0.03,21.66,64.98,0.81759
35,fast,short,1317,2022-11-18 20:00:00,1751.16,1773.64,0,8.99106,0,1336,2022-11-24 04:00:00,1755.41,EXIT_CHANNEL,19,0.04,-4.25,-17.0,-0.18908
36,fast,long,1366,2022-12-01 00:00:00,1768.72,1746.2,0,9.00811,0,1382,2022-12-05 20:00:00,1769.71,EXIT_CHANNEL,16,0.04,0.99,3.96,0.04396
37,fast,long,1406,2022-12-09 16:00:00,1797.84,1776.29,0,8.62081,0,1412,2022-12-12 20:00:00,1782.9,EXIT_CHANNEL,6,0.04,-14.94,-59.76,-0.69321
38,fast,long,1418,2022-12-13 16:00:00,1810.87,1788.1,0,9.106,0,1428,2022-12-15 12:00:00,1777.54,EXIT_PROTECTIVE_STOP,10,0.04,-33.33,-133.32,-1.46409
39,fast,long,1449,2022-12-20 20:00:00,1817.9,1793.94,0,9.58548,0,1459,2022-12-22 16:00:00,1807.68,EXIT_CHANNEL,10,0.04,-10.22,-40.88,-0.42648
40,fast,long,1494,2023-01-03 08:00:00,1840.26,1819.6,0,8.26297,0,1507,2023-01-05 16:00:00,1834.6,EXIT_CHANNEL,13,0.04,-5.66,-22.64,-0.27399
41,fast,long,1517,2023-01-09 04:00:00,1874.28,1848.43,0,10.33821,0,1559,2023-01-18 08:00:00,1897.86,EXIT_CHANNEL,42,0.03,23.58,70.74,0.91234
42,fast,long,1570,2023-01-20 00:00:00,1931.91,1906.5,0,10.16302,0,1614,2023-01-31 12:00:00,1903.76,EXIT_PROTECTIVE_STOP,44,0.03,-28.15,-84.45,-1.10794
43,medium,long,1366,2022-12-01 00:00:00,1768.72,1746.2,0,9.00811,0,1614,2023-01-31 12:00:00,1903.76,EXIT_CHANNEL,248,0.04,135.04,540.16,5.99638
44,slow,long,1370,2022-12-01 16:00:00,1789.3,1765.44,0,9.54251,0,1614,2023-01-31 12:00:00,1903.76,EXIT_CHANNEL,244,0.04,114.46,457.84,4.7979
45,fast,short,1615,2023-01-31 12:00:00,1903.76,1927.66,0,9.56038,0,1616,2023-01-31 20:00:00,1929.49,EXIT_PROTECTIVE_STOP,1,0.04,-25.73,-102.92,-1.07653
46,fast,long,1624,2023-02-02 00:00:00,1950.78,1924.63,0,10.4618,0,1628,2023-02-02 20:00:00,1912.01,EXIT_PROTECTIVE_STOP,4,0.03,-38.77,-116.31,-1.48235
47,medium,long,1624,2023-02-02 00:00:00,1950.78,1924.63,0,10.4618,0,1628,2023-02-02 20:00:00,1912.01,EXIT_PROTECTIVE_STOP,4,0.03,-38.77,-116.31,-1.48235
48,slow,long,1624,2023-02-02 00:00:00,1950.78,1924.63,0,10.4618,0,1628,2023-02-02 20:00:00,1912.01,EXIT_PROTECTIVE_STOP,4,0.03,-38.77,-116.31,-1.48235
49,fast,short,1634,2023-02-03 16:00:00,1886.7,1915.84,0,11.65716,0,1650,2023-02-08 12:00:00,1885.89,EXIT_CHANNEL,16,0.03,0.81,2.43,0.02779
50,medium,short,1634,2023-02-03 16:00:00,1886.7,1915.84,0,11.65716,0,1657,2023-02-09 16:00:00,1889.48,EXIT_CHANNEL,23,0.03,-2.78,-8.34,-0.09539
51,fast,long,1658,2023-02-09 16:00:00,1889.48,1864.15,0,10.13152,0,1658,2023-02-09 20:00:00,1868.38,EXIT_PROTECTIVE_STOP,0,0.03,-21.1,-63.3,-0.83304
52,fast,short,1660,2023-02-10 00:00:00,1861.68,1889.1,0,10.96927,0,1736,2023-02-28 20:00:00,1829.19,EXIT_CHANNEL,76,0.03,32.49,97.47,1.18476
53,medium,short,1671,2023-02-13 20:00:00,1851.49,1876.79,0,10.11824,0,1752,2023-03-03 12:00:00,1845.72,EXIT_CHANNEL,81,0.03,5.77,17.31,0.2281
54,slow,short,1671,2023-02-13 20:00:00,1851.49,1876.79,0,10.11824,0,1752,2023-03-03 12:00:00,1845.72,EXIT_CHANNEL,81,0.03,5.77,17.31,0.2281
55,fast,long,1753,2023-03-03 12:00:00,1845.72,1828.11,0,7.04445,0,1765,2023-03-07 16:00:00,1835.38,EXIT_CHANNEL,12,0.05,-10.34,-51.7,-0.58713
56,fast,short,1767,2023-03-07 20:00:00,1816.95,1835.83,0,7.55278,0,1777,2023-03-09 16:00:00,1825.08,EXIT_CHANNEL,10,0.05,-8.13,-40.65,-0.43057
57,fast,long,1785,2023-03-10 20:00:00,1864.11,1843.66,0,8.17804,0,1825,2023-03-21 16:00:00,1952.9,EXIT_CHANNEL,40,0.04,88.79,355.16,4.34285
58,fast,long,1869,2023-03-30 20:00:00,1983.08,1955.92,0,10.86202,0,1877,2023-04-03 08:00:00,1952.43,EXIT_PROTECTIVE_STOP,8,0.03,-30.65,-91.95,-1.1287
59,medium,long,1785,2023-03-10 20:00:00,1864.11,1843.66,0,8.17804,0,1877,2023-04-03 08:00:00,1952.43,EXIT_CHANNEL,92,0.04,88.32,353.28,4.31986
60,fast,short,1878,2023-04-03 08:00:00,1952.43,1979.03,0,10.64129,0,1879,2023-04-03 16:00:00,1978.94,EXIT_PROTECTIVE_STOP,1,0.03,-26.51,-79.53,-0.9965
61,fast,long,1887,2023-04-04 20:00:00,2020.67,1991.13,0,11.8145,0,1900,2023-04-10 04:00:00,1998.06,EXIT_PROTECTIVE_STOP,13,0.03,-22.61,-67.83,-0.7655
62,medium,long,1887,2023-04-04 20:00:00,2020.67,1991.13,0,11.8145,0,1900,2023-04-10 04:00:00,1998.06,EXIT_PROTECTIVE_STOP,13,0.03,-22.61,-67.83,-0.7655
63,fast,long,1916,2023-04-12 16:00:00,2022.21,1995.53,0,10.67218,0,1928,2023-04-14 20:00:00,1999.46,EXIT_PROTECTIVE_STOP,12,0.03,-22.75,-68.25,-0.85268
64,medium,long,1922,2023-04-13 16:00:00,2044.98,2016.65,0,11.33338,0,1928,2023-04-14 20:00:00,1999.46,EXIT_PROTECTIVE_STOP,6,0.03,-45.52,-136.56,-1.60658
65,slow,long,1787,2023-03-13 04:00:00,1872.9,1850.06,0,9.13643,0,1944,2023-04-19 12:00:00,1979.93,EXIT_CHANNEL,157,0.04,107.03,428.12,4.68586
66,medium,short,1945,2023-04-19 12:00:00,1979.93,2008.91,0,11.59146,0,1951,2023-04-20 16:00:00,2006.72,EXIT_PROTECTIVE_STOP,6,0.03,-26.79,-80.37,-0.92447
67,fast,short,1935,2023-04-17 20:00:00,1991.45,2023.2,0,12.69824,0,1993,2023-05-01 16:00:00,2003.98,EXIT_CHANNEL,58,0.03,-12.53,-37.59,-0.3947
68,fast,long,2001,2023-05-02 20:00:00,2014.99,1986.54,0,11.38135,0,2017,2023-05-05 16:00:00,2010.22,EXIT_CHANNEL,16,0.03,-4.77,-14.31,-0.16764
69,slow,long,2009,2023-05-04 04:00:00,2054.28,2022.58,0,12.67918,0,2017,2023-05-05 16:00:00,2010.22,EXIT_PROTECTIVE_STOP,8,0.03,-44.06,-132.18,-1.39
70,medium,long,2001,2023-05-02 20:00:00,2014.99,1986.54,0,11.38135,0,2042,2023-05-11 20:00:00,2015.57,EXIT_CHANNEL,41,0.03,0.58,1.74,0.02038
71,fast,short,2043,2023-05-11 20:00:00,2015.57,2045.28,0,11.88271,0,2119,2023-05-30 16:00:00,1956.37,EXIT_CHANNEL,76,0.03,59.2,177.6,1.99281
72,medium,short,2061,2023-05-16 20:00:00,1987.51,2013.78,0,10.50934,0,2132,2023-06-01 20:00:00,1978.34,EXIT_CHANNEL,71,0.03,9.17,27.51,0.34902
73,fast,long,2133,2023-06-01 20:00:00,1978.34,1955.01,0,9.33158,0,2138,2023-06-02 20:00:00,1952.17,EXIT_PROTECTIVE_STOP,5,0.04,-26.17,-104.68,-1.12178
74,fast,short,2141,2023-06-05 04:00:00,1946.39,1969.37,0,9.19048,0,2156,2023-06-07 20:00:00,1942.1,EXIT_PROTECTIVE_STOP,15,0.04,4.29,17.16,0.18672
75,medium,short,2190,2023-06-15 08:00:00,1934.39,1956.64,0,8.9002,0,2192,2023-06-15 20:00:00,1959.4,EXIT_PROTECTIVE_STOP,2,0.04,-25.01,-100.04,-1.12402
76,fast,short,2189,2023-06-15 04:00:00,1939.12,1961.63,0,9.00547,0,2195,2023-06-16 08:00:00,1955.32,EXIT_PROTECTIVE_STOP,6,0.04,-16.2,-64.8,-0.71956
77,fast,short,2223,2023-06-22 20:00:00,1915.43,1935.16,0,7.8921,0,2228,2023-06-23 20:00:00,1918.63,EXIT_PROTECTIVE_STOP,5,0.05,-3.2,-16.0,-0.16219
78,medium,short,2223,2023-06-22 20:00:00,1915.43,1935.16,0,7.8921,0,2228,2023-06-23 20:00:00,1918.63,EXIT_PROTECTIVE_STOP,5,0.05,-3.2,-16.0,-0.16219
79,fast,short,2245,2023-06-28 12:00:00,1909.8,1928.76,0,7.58566,0,2258,2023-06-30 20:00:00,1919.93,EXIT_CHANNEL,13,0.05,-10.13,-50.65,-0.53417
80,medium,short,2245,2023-06-28 12:00:00,1909.8,1928.76,0,7.58566,0,2264,2023-07-03 20:00:00,1921.88,EXIT_PROTECTIVE_STOP,19,0.05,-12.08,-60.4,-0.63699
81,fast,short,2282,2023-07-06 16:00:00,1906.25,1924.74,0,7.39474,0,2287,2023-07-07 16:00:00,1918.71,EXIT_PROTECTIVE_STOP,5,0.05,-12.46,-62.3,-0.67399
82,slow,short,2072,2023-05-18 16:00:00,1966.89,1989.54,0,9.06167,0,2298,2023-07-11 12:00:00,1936.58,EXIT_CHANNEL,226,0.04,30.31,121.24,1.33794
83,fast,long,2299,2023-07-11 12:00:00,1936.58,1918.18,0,7.35802,0,2323,2023-07-17 16:00:00,1948.59,EXIT_CHANNEL,24,0.05,12.01,60.05,0.65289
84,fast,long,2330,2023-07-18 16:00:00,1968.64,1950.82,0,7.12892,0,2342,2023-07-20 20:00:00,1967.88,EXIT_CHANNEL,12,0.05,-0.76,-3.8,-0.04264
85,medium,long,2299,2023-07-11 12:00:00,1936.58,1918.18,0,7.35802,0,2355,2023-07-25 00:00:00,1954.76,EXIT_CHANNEL,56,0.05,18.18,90.9,0.98831
86,fast,short,2356,2023-07-25 00:00:00,1954.76,1972.94,0,7.27068,0,2364,2023-07-26 12:00:00,1971.99,EXIT_CHANNEL,8,0.05,-17.23,-86.15,-0.94792
87,slow,long,2330,2023-07-18 16:00:00,1968.64,1950.82,0,7.12892,0,2372,2023-07-27 20:00:00,1944.12,EXIT_PROTECTIVE_STOP,42,0.05,-24.52,-122.6,-1.37581
88,fast,short,2373,2023-07-27 20:00:00,1944.12,1965.55,0,8.57207,0,2383,2023-07-31 16:00:00,1965.4,EXIT_PROTECTIVE_STOP,10,0.04,-21.28,-85.12,-0.99299
89,medium,short,2373,2023-07-27 20:00:00,1944.12,1965.55,0,8.57207,0,2383,2023-07-31 16:00:00,1965.4,EXIT_PROTECTIVE_STOP,10,0.04,-21.28,-85.12,-0.99299
90,fast,short,2397,2023-08-02 20:00:00,1935.59,1956.09,0,8.19993,0,2473,2023-08-21 16:00:00,1897.06,EXIT_CHANNEL,76,0.04,38.53,154.12,1.87953
91,medium,short,2397,2023-08-02 20:00:00,1935.59,1956.09,0,8.19993,0,2486,2023-08-23 20:00:00,1919.57,EXIT_CHANNEL,89,0.04,16.02,64.08,0.78147
92,slow,short,2427,2023-08-09 20:00:00,1916.2,1933.12,0,6.76844,0,2486,2023-08-23 20:00:00,1919.57,EXIT_CHANNEL,59,0.05,-3.37,-16.85,-0.19916
93,fast,long,2487,2023-08-23 20:00:00,1919.57,1902.94,0,6.65296,0,2498,2023-08-25 20:00:00,1909.88,EXIT_CHANNEL,11,0.05,-9.69,-48.45,-0.5826
94,medium,long,2490,2023-08-24 08:00:00,1920.87,1904.89,0,6.39373,0,2498,2023-08-25 20:00:00,1909.88,EXIT_PROTECTIVE_STOP,8,0.06,-10.99,-65.94,-0.68755
95,fast,long,2511,2023-08-29 20:00:00,1936.2,1919.23,0,6.78835,0,2528,2023-09-01 20:00:00,1938.09,EXIT_CHANNEL,17,0.05,1.89,9.45,0.11137
96,slow,long,2528,2023-09-01 16:00:00,1949.81,1935.88,0,5.571,0,2528,2023-09-01 20:00:00,1938.09,EXIT_PROTECTIVE_STOP,0,0.07,-11.72,-82.04,-0.8415
97,medium,long,2511,2023-08-29 20:00:00,1936.2,1919.23,0,6.78835,0,2538,2023-09-05 12:00:00,1933.32,EXIT_CHANNEL,27,0.05,-2.88,-14.4,-0.1697
98,fast,short,2539,2023-09-05 12:00:00,1933.32,1946.24,0,5.16906,0,2585,2023-09-15 08:00:00,1916.07,EXIT_CHANNEL,46,0.07,17.25,120.75,1.33486
99,medium,short,2570,2023-09-12 16:00:00,1909.59,1923.07,0,5.39294,0,2588,2023-09-15 20:00:00,1925.27,EXIT_PROTECTIVE_STOP,18,0.07,-15.68,-109.76,-1.163
100,fast,long,2589,2023-09-15 20:00:00,1925.27,1910.8,0,5.78883,0,2608,2023-09-21 04:00:00,1924.84,EXIT_CHANNEL,19,0.06,-0.43,-2.58,-0.02971
101,medium,long,2600,2023-09-19 16:00:00,1935.73,1923.01,0,5.08806,0,2610,2023-09-21 12:00:00,1923.0,EXIT_PROTECTIVE_STOP,10,0.07,-12.73,-89.11,-1.00077
102,fast,short,2612,2023-09-21 16:00:00,1916.41,1932.11,0,6.28034,0,2678,2023-10-06 20:00:00,1829.19,EXIT_CHANNEL,66,0.06,87.22,523.32,5.55511
103,medium,short,2632,2023-09-27 00:00:00,1900.19,1913.91,0,5.48819,0,2680,2023-10-09 04:00:00,1852.23,EXIT_CHANNEL,48,0.07,47.96,335.72,3.4955
104,slow,short,2632,2023-09-27 00:00:00,1900.19,1913.91,0,5.48819,0,2694,2023-10-11 12:00:00,1869.55,EXIT_CHANNEL,62,0.07,30.64,214.48,2.23316
105,fast,long,2681,2023-10-09 04:00:00,1852.23,1830.74,0,8.59744,0,2780,2023-10-31 20:00:00,1984.13,EXIT_CHANNEL,99,0.04,131.9,527.6,6.13671
106,medium,long,2701,2023-10-12 12:00:00,1880.3,1862.74,0,7.0252,0,2808,2023-11-07 12:00:00,1966.31,EXIT_CHANNEL,107,0.05,86.01,430.05,4.89723
107,slow,long,2726,2023-10-18 16:00:00,1948.82,1926.61,0,8.8828,0,2808,2023-11-07 12:00:00,1966.31,EXIT_CHANNEL,82,0.04,17.49,69.96,0.78759
108,fast,short,2809,2023-11-07 12:00:00,1966.31,1986.19,0,7.95075,0,2839,2023-11-14 16:00:00,1954.23,EXIT_CHANNEL,30,0.05,12.08,60.4,0.60774
109,medium,short,2817,2023-11-08 20:00:00,1953.73,1973.3,0,7.82813,0,2844,2023-11-15 12:00:00,1971.45,EXIT_CHANNEL,27,0.05,-17.72,-88.6,-0.90545
110,fast,long,2845,2023-11-15 12:00:00,1971.45,1952.96,0,7.39471,0,2863,2023-11-20 16:00:00,1968.28,EXIT_CHANNEL,18,0.05,-3.17,-15.85,-0.17147
111,fast,long,2870,2023-11-21 16:00:00,1997.64,1976.72,0,8.36766,0,2924,2023-12-04 20:00:00,2026.01,EXIT_CHANNEL,54,0.04,28.37,113.48,1.35617
112,medium,long,2870,2023-11-21 16:00:00,1997.64,1976.72,0,8.36766,0,2924,2023-12-04 20:00:00,2026.01,EXIT_CHANNEL,54,0.04,28.37,113.48,1.35617
113,fast,short,2925,2023-12-04 20:00:00,2026.01,2061.89,0,14.35399,0,2941,2023-12-07 16:00:00,2037.17,EXIT_CHANNEL,16,0.02,-11.16,-22.32,-0.31099
114,slow,long,2891,2023-11-27 04:00:00,2012.0,1994.94,0,6.82374,0,2948,2023-12-08 20:00:00,1997.2,EXIT_PROTECTIVE_STOP,57,0.05,-14.8,-74.0,-0.86756
115,fast,short,2949,2023-12-08 20:00:00,1997.2,2025.84,0,11.45637,0,2967,2023-12-14 00:00:00,2028.44,EXIT_PROTECTIVE_STOP,18,0.03,-31.24,-93.72,-1.09075
116,medium,short,2949,2023-12-08 20:00:00,1997.2,2025.84,0,11.45637,0,2967,2023-12-14 00:00:00,2028.44,EXIT_PROTECTIVE_STOP,18,0.03,-31.24,-93.72,-1.09075
117,fast,long,2969,2023-12-14 04:00:00,2032.43,2003.8,0,11.45101,0,2979,2023-12-18 00:00:00,2019.68,EXIT_CHANNEL,10,0.03,-12.75,-38.25,-0.44538
118,fast,long,3005,2023-12-22 04:00:00,2048.62,2026.96,0,8.66573,0,3030,2023-12-29 16:00:00,2059.14,EXIT_CHANNEL,25,0.04,10.52,42.08,0.48559
119,medium,long,3005,2023-12-22 04:00:00,2048.62,2026.96,0,8.66573,0,3042,2024-01-03 16:00:00,2040.98,EXIT_CHANNEL,37,0.04,-7.64,-30.56,-0.35265
120,fast,short,3043,2024-01-03 16:00:00,2040.98,2063.93,0,9.18137,0,3055,2024-01-05 20:00:00,2041.99,EXIT_PROTECTIVE_STOP,12,0.04,-1.01,-4.04,-0.044
121,fast,short,3061,2024-01-08 16:00:00,2018.96,2043.74,0,9.91312,0,3078,2024-01-11 16:00:00,2029.47,EXIT_PROTECTIVE_STOP,17,0.04,-10.51,-42.04,-0.42408
122,medium,short,3061,2024-01-08 16:00:00,2018.96,2043.74,0,9.91312,0,3078,2024-01-11 16:00:00,2029.47,EXIT_PROTECTIVE_STOP,17,0.04,-10.51,-42.04,-0.42408
123,fast,short,3080,2024-01-11 20:00:00,2014.36,2039.48,0,10.04821,0,3083,2024-01-12 12:00:00,2038.14,EXIT_PROTECTIVE_STOP,3,0.03,-23.78,-71.34,-0.94664
124,medium,short,3080,2024-01-11 20:00:00,2014.36,2039.48,0,10.04821,0,3083,2024-01-12 12:00:00,2038.14,EXIT_PROTECTIVE_STOP,3,0.03,-23.78,-71.34,-0.94664
125,fast,long,3085,2024-01-12 16:00:00,2056.15,2030.83,0,10.12691,0,3095,2024-01-16 12:00:00,2041.34,EXIT_CHANNEL,10,0.03,-14.81,-44.43,-0.58498
126,fast,short,3104,2024-01-17 20:00:00,2007.05,2031.71,0,9.86254,0,3113,2024-01-19 12:00:00,2029.8,EXIT_CHANNEL,9,0.04,-22.75,-91.0,-0.92268
127,medium,short,3104,2024-01-17 20:00:00,2007.05,2031.71,0,9.86254,0,3114,2024-01-19 16:00:00,2035.28,EXIT_PROTECTIVE_STOP,10,0.04,-28.23,-112.92,-1.14494
128,slow,short,3104,2024-01-17 20:00:00,2007.05,2031.71,0,9.86254,0,3114,2024-01-19 16:00:00,2035.28,EXIT_PROTECTIVE_STOP,10,0.04,-28.23,-112.92,-1.14494
129,medium,long,3164,2024-01-31 20:00:00,2049.62,2029.04,0,8.23133,0,3175,2024-02-02 20:00:00,2035.27,EXIT_PROTECTIVE_STOP,11,0.04,-14.35,-57.4,-0.69734
130,fast,long,3151,2024-01-29 16:00:00,2036.87,2016.81,0,8.02257,0,3179,2024-02-05 12:00:00,2022.69,EXIT_CHANNEL,28,0.04,-14.18,-56.72,-0.70701
131,fast,short,3180,2024-02-05 12:00:00,2022.69,2046.29,0,9.44074,0,3228,2024-02-15 16:00:00,2003.84,EXIT_CHANNEL,48,0.04,18.85,75.4,0.79867
132,slow,short,3218,2024-02-13 20:00:00,1993.68,2014.31,0,8.25066,0,3235,2024-02-16 20:00:00,2013.36,EXIT_PROTECTIVE_STOP,17,0.04,-19.68,-78.72,-0.95411
133,medium,short,3217,2024-02-13 16:00:00,2004.4,2024.03,0,7.85174,0,3237,2024-02-19 04:00:00,2019.79,EXIT_CHANNEL,20,0.05,-15.39,-76.95,-0.78403
134,fast,long,3238,2024-02-19 04:00:00,2019.79,2001.34,0,7.3808,0,3263,2024-02-23 12:00:00,2016.76,EXIT_CHANNEL,25,0.05,-3.03,-15.15,-0.16421
135,fast,long,3266,2024-02-23 20:00:00,2037.9,2020.76,0,6.85522,0,3281,2024-02-28 12:00:00,2024.89,EXIT_CHANNEL,15,0.05,-13.01,-65.05,-0.75913
136,fast,long,3289,2024-02-29 16:00:00,2047.65,2031.24,0,6.5629,0,3336,2024-03-12 16:00:00,2160.43,EXIT_CHANNEL,47,0.06,112.78,676.68,6.87379
137,medium,long,3266,2024-02-23 20:00:00,2037.9,2020.76,0,6.85522,0,3358,2024-03-18 08:00:00,2147.08,EXIT_CHANNEL,92,0.05,109.18,545.9,6.37062
138,slow,long,3296,2024-03-01 20:00:00,2084.8,2064.22,0,8.23098,0,3358,2024-03-18 08:00:00,2147.08,EXIT_CHANNEL,62,0.04,62.28,249.12,3.02661
139,fast,short,3359,2024-03-18 08:00:00,2147.08,2170.06,0,9.19121,0,3374,2024-03-21 00:00:00,2186.69,EXIT_PROTECTIVE_STOP,15,0.04,-39.61,-158.44,-1.72382
140,medium,long,3376,2024-03-21 04:00:00,2204.84,2178.42,0,10.56783,0,3379,2024-03-21 20:00:00,2180.87,EXIT_PROTECTIVE_STOP,3,0.03,-23.97,-71.91,-0.90728
141,slow,long,3376,2024-03-21 04:00:00,2204.84,2178.42,0,10.56783,0,3379,2024-03-21 20:00:00,2180.87,EXIT_PROTECTIVE_STOP,3,0.03,-23.97,-71.91,-0.90728
142,fast,long,3375,2024-03-21 00:00:00,2186.69,2163.7,0,9.19456,0,3383,2024-03-22 12:00:00,2166.67,EXIT_PROTECTIVE_STOP,8,0.04,-20.02,-80.08,-0.87095
143,fast,long,3409,2024-03-28 16:00:00,2206.95,2178.98,0,11.1866,0,3503,2024-04-22 12:00:00,2359.6,EXIT_CHANNEL,94,0.03,152.65,457.95,5.45832
144,medium,long,3411,2024-04-01 00:00:00,2241.17,2211.16,0,12.00443,0,3504,2024-04-22 16:00:00,2336.85,EXIT_CHANNEL,93,0.03,95.68,287.04,3.18816
145,slow,long,3411,2024-04-01 00:00:00,2241.17,2211.16,0,12.00443,0,3508,2024-04-23 08:00:00,2305.51,EXIT_CHANNEL,97,0.03,64.34,193.02,2.14388
146,fast,short,3505,2024-04-22 16:00:00,2336.85,2384.66,0,19.12357,0,3527,2024-04-26 12:00:00,2347.02,EXIT_CHANNEL,22,0.02,-10.17,-20.34,-0.21272
147,medium,short,3509,2024-04-23 08:00:00,2305.51,2352.84,0,18.93106,0,3527,2024-04-26 12:00:00,2347.02,EXIT_CHANNEL,18,0.02,-41.51,-83.02,-0.87708
148,fast,long,3528,2024-04-26 12:00:00,2347.02,2306.76,0,16.10294,0,3539,2024-04-30 12:00:00,2312.79,EXIT_CHANNEL,11,0.02,-34.23,-68.46,-0.85028
149,medium,short,3543,2024-05-01 00:00:00,2286.24,2323.52,0,14.91171,0,3548,2024-05-02 00:00:00,2320.51,EXIT_PROTECTIVE_STOP,5,0.02,-34.27,-68.54,-0.91928
150,fast,short,3542,2024-04-30 20:00:00,2294.71,2332.3,0,15.03601,0,3582,2024-05-09 16:00:00,2326.7,EXIT_CHANNEL,40,0.02,-31.99,-63.98,-0.85102
151,fast,long,3585,2024-05-10 00:00:00,2346.03,2312.36,0,13.4689,0,3595,2024-05-13 20:00:00,2336.74,EXIT_CHANNEL,10,0.02,-9.29,-18.58,-0.27589
152,fast,long,3608,2024-05-15 20:00:00,2383.68,2351.25,0,12.97106,0,3637,2024-05-22 20:00:00,2391.94,EXIT_CHANNEL,29,0.03,8.26,24.78,0.25472
153,medium,long,3586,2024-05-10 04:00:00,2347.64,2315.18,0,12.98295,0,3638,2024-05-23 00:00:00,2379.31,EXIT_CHANNEL,52,0.03,31.67,95.01,0.97574
154,slow,long,3620,2024-05-17 20:00:00,2407.86,2377.91,0,11.98172,0,3638,2024-05-23 00:00:00,2379.31,EXIT_PROTECTIVE_STOP,18,0.03,-28.55,-85.65,-0.95312
155,fast,short,3639,2024-05-23 00:00:00,2379.31,2415.91,0,14.63866,0,3655,2024-05-27 20:00:00,2354.98,EXIT_CHANNEL,16,0.02,24.33,48.66,0.66481
156,medium,short,3645,2024-05-24 00:00:00,2328.77,2366.45,0,15.07102,0,3700,2024-06-06 08:00:00,2369.45,EXIT_PROTECTIVE_STOP,55,0.02,-40.68,-81.36,-1.07969
157,fast,long,3701,2024-06-06 08:00:00,2369.45,2339.2,0,12.10079,0,3708,2024-06-07 16:00:00,2319.25,EXIT_PROTECTIVE_STOP,7,0.03,-50.2,-150.6,-1.6594
158,medium,long,3701,2024-06-06 08:00:00,2369.45,2339.2,0,12.10079,0,3708,2024-06-07 16:00:00,2319.25,EXIT_PROTECTIVE_STOP,7,0.03,-50.2,-150.6,-1.6594
159,fast,short,3710,2024-06-07 20:00:00,2311.66,2350.14,0,15.39383,0,3720,2024-06-11 16:00:00,2318.02,EXIT_CHANNEL,10,0.02,-6.36,-12.72,-0.16526
160,medium,short,3710,2024-06-07 20:00:00,2311.66,2350.14,0,15.39383,0,3760,2024-06-20 08:00:00,2340.46,EXIT_CHANNEL,50,0.02,-28.8,-57.6,-0.74835
161,slow,short,3710,2024-06-07 20:00:00,2311.66,2350.14,0,15.39383,0,3763,2024-06-20 20:00:00,2356.37,EXIT_PROTECTIVE_STOP,53,0.02,-44.71,-89.42,-1.16176
162,fast,long,3761,2024-06-20 08:00:00,2340.46,2315.25,0,10.08468,0,3769,2024-06-21 20:00:00,2324.67,EXIT_CHANNEL,8,0.03,-15.79,-47.37,-0.6263
163,medium,long,3764,2024-06-20 20:00:00,2356.37,2328.22,0,11.26182,0,3769,2024-06-21 20:00:00,2324.67,EXIT_PROTECTIVE_STOP,5,0.03,-31.7,-95.1,-1.12593
164,fast,short,3788,2024-06-26 20:00:00,2299.76,2326.28,0,10.60623,0,3793,2024-06-27 20:00:00,2325.42,EXIT_PROTECTIVE_STOP,5,0.03,-25.66,-76.98,-0.96773
165,fast,long,3816,2024-07-03 12:00:00,2344.7,2319.85,0,9.94049,0,3884,2024-07-19 00:00:00,2445.65,EXIT_CHANNEL,68,0.04,100.95,403.8,4.06218
166,medium,long,3828,2024-07-05 12:00:00,2366.47,2344.97,0,8.60176,0,3888,2024-07-19 16:00:00,2403.75,EXIT_CHANNEL,60,0.04,37.28,149.12,1.7336
167,fast,short,3889,2024-07-19 16:00:00,2403.75,2437.58,0,13.53142,0,3904,2024-07-24 08:00:00,2417.85,EXIT_CHANNEL,15,0.02,-14.1,-28.2,-0.41681
168,slow,long,3829,2024-07-05 16:00:00,2372.12,2348.29,0,9.53018,0,3910,2024-07-25 08:00:00,2377.6,EXIT_CHANNEL,81,0.04,5.48,21.92,0.23001
169,fast,short,3911,2024-07-25 08:00:00,2377.6,2410.67,0,13.22899,0,3921,2024-07-29 04:00:00,2400.06,EXIT_CHANNEL,10,0.03,-22.46,-67.38,-0.67911
170,medium,short,3911,2024-07-25 08:00:00,2377.6,2410.67,0,13.22899,0,3932,2024-07-31 00:00:00,2410.56,EXIT_PROTECTIVE_STOP,21,0.03,-32.96,-98.88,-0.9966
171,medium,long,3949,2024-08-02 16:00:00,2472.9,2436.95,0,14.3794,0,3949,2024-08-02 20:00:00,2430.42,EXIT_PROTECTIVE_STOP,0,0.02,-42.48,-84.96,-1.18169
172,fast,long,3933,2024-07-31 00:00:00,2410.56,2379.14,0,12.56861,0,3954,2024-08-05 16:00:00,2374.5,EXIT_PROTECTIVE_STOP,21,0.03,-36.06,-108.18,-1.14762
173,fast,short,3955,2024-08-05 16:00:00,2374.5,2428.7,0,21.68108,0,3972,2024-08-08 16:00:00,2408.02,EXIT_CHANNEL,17,0.01,-33.52,-33.52,-0.61842
174,fast,long,3979,2024-08-09 16:00:00,2429.62,2389.75,0,15.94903,0,3997,2024-08-14 20:00:00,2444.19,EXIT_CHANNEL,18,0.02,14.57,29.14,0.36541
175,fast,long,4009,2024-08-16 16:00:00,2491.68,2454.62,0,14.82268,0,4033,2024-08-22 20:00:00,2484.33,EXIT_CHANNEL,24,0.02,-7.35,-14.7,-0.19834
176,medium,long,4009,2024-08-16 16:00:00,2491.68,2454.62,0,14.82268,0,4033,2024-08-22 20:00:00,2484.33,EXIT_CHANNEL,24,0.02,-7.35,-14.7,-0.19834
177,fast,short,4034,2024-08-22 20:00:00,2484.33,2519.6,0,14.10963,0,4043,2024-08-26 12:00:00,2524.25,EXIT_PROTECTIVE_STOP,9,0.02,-39.92,-79.84,-1.13171
178,fast,long,4044,2024-08-26 12:00:00,2524.25,2493.18,0,12.42611,0,4056,2024-08-28 16:00:00,2500.64,EXIT_CHANNEL,12,0.03,-23.61,-70.83,-0.76001
179,slow,long,4009,2024-08-16 16:00:00,2491.68,2454.62,0,14.82268,0,4085,2024-09-04 12:00:00,2473.27,EXIT_CHANNEL,76,0.02,-18.41,-36.82,-0.49681
180,fast,short,4086,2024-09-04 12:00:00,2473.27,2502.05,0,11.51293,0,4091,2024-09-05 12:00:00,2514.74,EXIT_PROTECTIVE_STOP,5,0.03,-41.47,-124.41,-1.44081
181,fast,long,4092,2024-09-05 12:00:00,2514.74,2485.48,0,11.70587,0,4099,2024-09-06 20:00:00,2488.96,EXIT_PROTECTIVE_STOP,7,0.03,-25.78,-77.34,-0.88093
182,fast,long,4124,2024-09-12 20:00:00,2550.75,2520.48,0,12.10726,0,4141,2024-09-17 20:00:00,2563.09,EXIT_CHANNEL,17,0.03,12.34,37.02,0.40769
183,medium,long,4124,2024-09-12 20:00:00,2550.75,2520.48,0,12.10726,0,4148,2024-09-19 00:00:00,2558.54,EXIT_CHANNEL,24,0.03,7.79,23.37,0.25737
184,fast,short,4149,2024-09-19 00:00:00,2558.54,2590.54,0,12.8001,0,4152,2024-09-19 16:00:00,2576.78,EXIT_PROTECTIVE_STOP,3,0.03,-18.24,-54.72,-0.57
185,fast,long,4158,2024-09-20 12:00:00,2609.74,2576.55,0,13.27677,0,4189,2024-09-27 20:00:00,2651.79,EXIT_CHANNEL,31,0.02,42.05,84.1,1.26687
186,medium,long,4158,2024-09-20 12:00:00,2609.74,2576.55,0,13.27677,0,4194,2024-09-30 16:00:00,2639.01,EXIT_CHANNEL,36,0.02,29.27,58.54,0.88184
187,fast,short,4195,2024-09-30 16:00:00,2639.01,2672.07,0,13.22437,0,4201,2024-10-01 20:00:00,2666.44,EXIT_PROTECTIVE_STOP,6,0.03,-27.43,-82.29,-0.82968
188,slow,long,4124,2024-09-12 20:00:00,2550.75,2520.48,0,12.10726,0,4231,2024-10-08 20:00:00,2609.01,EXIT_CHANNEL,107,0.03,58.26,174.78,1.92479
189,fast,short,4232,2024-10-08 20:00:00,2609.01,2646.81,0,15.12126,0,4242,2024-10-10 16:00:00,2625.07,EXIT_CHANNEL,10,0.02,-16.06,-32.12,-0.42483
190,medium,short,4232,2024-10-08 20:00:00,2609.01,2646.81,0,15.12126,0,4247,2024-10-11 12:00:00,2639.21,EXIT_PROTECTIVE_STOP,15,0.02,-30.2,-60.4,-0.79888
191,fast,long,4250,2024-10-11 20:00:00,2660.46,2626.98,0,13.39281,0,4332,2024-10-31 16:00:00,2755.39,EXIT_CHANNEL,82,0.02,94.93,189.86,2.83525
192,medium,long,4266,2024-10-16 12:00:00,2679.56,2648.61,0,12.37857,0,4355,2024-11-06 12:00:00,2724.62,EXIT_CHANNEL,89,0.03,45.06,135.18,1.45607
193,slow,long,4274,2024-10-17 20:00:00,2692.25,2662.07,0,12.07285,0,4355,2024-11-06 12:00:00,2724.62,EXIT_CHANNEL,81,0.03,32.37,97.11,1.07249
194,medium,short,4357,2024-11-06 16:00:00,2664.16,2704.4,0,16.09774,0,4364,2024-11-08 00:00:00,2705.55,EXIT_PROTECTIVE_STOP,7,0.02,-41.39,-82.78,-1.02847
195,fast,short,4356,2024-11-06 12:00:00,2724.62,2758.03,0,13.36289,0,4401,2024-11-18 04:00:00,2587.03,EXIT_CHANNEL,45,0.02,137.59,275.18,4.11857
196,medium,short,4375,2024-11-11 16:00:00,2635.59,2677.26,0,16.66896,0,4408,2024-11-19 08:00:00,2622.58,EXIT_CHANNEL,33,0.02,13.01,26.02,0.3122
197,slow,short,4375,2024-11-11 16:00:00,2635.59,2677.26,0,16.66896,0,4417,2024-11-20 20:00:00,2651.89,EXIT_CHANNEL,42,0.02,-16.3,-32.6,-0.39115
198,fast,long,4409,2024-11-19 08:00:00,2622.58,2584.86,0,15.08917,0,4435,2024-11-25 20:00:00,2627.84,EXIT_CHANNEL,26,0.02,5.26,10.52,0.13944
199,medium,long,4427,2024-11-22 08:00:00,2686.66,2652.97,0,13.475,0,4435,2024-11-25 20:00:00,2627.84,EXIT_PROTECTIVE_STOP,8,0.02,-58.82,-117.64,-1.74605
200,fast,long,4457,2024-11-29 08:00:00,2662.37,2624.16,0,15.2831,0,4461,2024-12-02 04:00:00,2635.87,EXIT_PROTECTIVE_STOP,4,0.02,-26.5,-53.0,-0.69358
201,fast,short,4486,2024-12-06 04:00:00,2617.57,2651.81,0,13.69702,0,4493,2024-12-09 12:00:00,2655.67,EXIT_PROTECTIVE_STOP,7,0.02,-38.1,-76.2,-1.11265
202,fast,long,4495,2024-12-09 16:00:00,2665.49,2629.21,0,14.51184,0,4517,2024-12-13 12:00:00,2668.93,EXIT_CHANNEL,22,0.02,3.44,6.88,0.09482
203,medium,long,4501,2024-12-10 16:00:00,2680.46,2646.23,0,13.69262,0,4519,2024-12-13 20:00:00,2656.3,EXIT_CHANNEL,18,0.02,-24.16,-48.32,-0.70578
204,medium,short,4539,2024-12-19 00:00:00,2585.25,2619.58,0,13.73095,0,4541,2024-12-19 12:00:00,2620.51,EXIT_PROTECTIVE_STOP,2,0.02,-35.26,-70.52,-1.02717
205,slow,short,4539,2024-12-19 00:00:00,2585.25,2619.58,0,13.73095,0,4541,2024-12-19 12:00:00,2620.51,EXIT_PROTECTIVE_STOP,2,0.02,-35.26,-70.52,-1.02717
206,fast,short,4520,2024-12-13 20:00:00,2656.3,2692.04,0,14.29459,0,4585,2025-01-02 04:00:00,2632.89,EXIT_CHANNEL,65,0.02,23.41,46.82,0.65507
207,medium,long,4590,2025-01-02 20:00:00,2656.53,2628.11,0,11.36907,0,4599,2025-01-06 12:00:00,2632.73,EXIT_PROTECTIVE_STOP,9,0.03,-23.8,-71.4,-0.83736
208,fast,long,4589,2025-01-02 16:00:00,2642.96,2615.69,0,10.90955,0,4600,2025-01-06 16:00:00,2624.36,EXIT_CHANNEL,11,0.03,-18.6,-55.8,-0.68197
209,fast,long,4619,2025-01-09 16:00:00,2672.56,2644.05,0,11.40249,0,4631,2025-01-13 20:00:00,2660.88,EXIT_CHANNEL,12,0.03,-11.68,-35.04,-0.40974
210,fast,long,4648,2025-01-16 12:00:00,2705.28,2677.14,0,11.25654,0,4691,2025-01-27 20:00:00,2733.72,EXIT_CHANNEL,43,0.03,28.44,85.32,1.01061
211,medium,long,4619,2025-01-09 16:00:00,2672.56,2644.05,0,11.40249,0,4691,2025-01-27 20:00:00,2733.72,EXIT_CHANNEL,72,0.03,61.16,183.48,2.1455
212,fast,short,4692,2025-01-27 20:00:00,2733.72,2765.69,0,12.78725,0,4699,2025-01-29 04:00:00,2763.72,EXIT_PROTECTIVE_STOP,7,0.03,-30.0,-90.0,-0.93843
213,fast,long,4708,2025-01-30 12:00:00,2774.31,2747.56,0,10.69835,0,4775,2025-02-14 20:00:00,2887.04,EXIT_CHANNEL,67,0.03,112.73,338.19,4.21485
214,fast,long,4792,2025-02-19 12:00:00,2945.49,2909.63,0,14.34357,0,4817,2025-02-25 20:00:00,2907.6,EXIT_PROTECTIVE_STOP,25,0.02,-37.89,-75.78,-1.05664
215,medium,long,4710,2025-01-30 20:00:00,2795.56,2767.67,0,11.15534,0,4817,2025-02-25 20:00:00,2907.6,EXIT_CHANNEL,107,0.03,112.04,336.12,4.01745
216,slow,long,4648,2025-01-16 12:00:00,2705.28,2677.14,0,11.25654,0,4827,2025-02-27 12:00:00,2887.36,EXIT_CHANNEL,179,0.03,182.08,546.24,6.4702
217,fast,short,4818,2025-02-25 20:00:00,2907.6,2951.46,0,17.54528,0,4841,2025-03-03 20:00:00,2890.88,EXIT_CHANNEL,23,0.02,16.72,33.44,0.38119
218,medium,short,4833,2025-02-28 08:00:00,2864.27,2906.69,0,16.96665,0,4845,2025-03-04 12:00:00,2918.15,EXIT_PROTECTIVE_STOP,12,0.02,-53.88,-107.76,-1.27026
219,fast,long,4847,2025-03-04 16:00:00,2922.71,2879.36,0,17.33979,0,4857,2025-03-06 12:00:00,2894.28,EXIT_CHANNEL,10,0.02,-28.43,-56.86,-0.65583
220,fast,short,4872,2025-03-10 20:00:00,2886.22,2928.67,0,16.98159,0,4883,2025-03-12 20:00:00,2936.19,EXIT_PROTECTIVE_STOP,11,0.02,-49.97,-99.94,-1.17704
221,fast,long,4884,2025-03-12 20:00:00,2936.19,2897.62,0,15.42916,0,4924,2025-03-21 16:00:00,3006.43,EXIT_CHANNEL,40,0.02,70.24,140.48,1.82097
222,fast,long,4948,2025-03-27 12:00:00,3039.95,3007.61,0,12.93657,0,4978,2025-04-03 16:00:00,3076.39,EXIT_CHANNEL,30,0.03,36.44,109.32,1.12673
223,medium,long,4884,2025-03-12 20:00:00,2936.19,2897.62,0,15.42916,0,4978,2025-04-03 16:00:00,3076.39,EXIT_CHANNEL,94,0.02,140.2,280.4,3.63468
224,fast,short,4979,2025-04-03 16:00:00,3076.39,3133.39,0,22.79893,0,4979,2025-04-03 20:00:00,3107.41,EXIT_PROTECTIVE_STOP,0,0.01,-31.02,-31.02,-0.54424
225,slow,long,4890,2025-03-13 20:00:00,2979.4,2940.72,0,15.47317,0,4987,2025-04-07 04:00:00,2978.97,EXIT_CHANNEL,97,0.02,-0.43,-0.86,-0.01112
226,fast,short,4986,2025-04-04 20:00:00,3031.05,3104.7,0,29.45993,0,5001,2025-04-09 12:00:00,3044.05,EXIT_CHANNEL,15,0.01,-13.0,-13.0,-0.17651
227,medium,short,4988,2025-04-07 04:00:00,2978.97,3056.87,0,31.15892,0,5002,2025-04-09 16:00:00,3047.45,EXIT_PROTECTIVE_STOP,14,0.01,-68.48,-68.48,-0.87911
228,fast,long,5007,2025-04-10 08:00:00,3125.32,3037.78,0,35.0149,0,5069,2025-04-25 20:00:00,3285.55,EXIT_CHANNEL,62,0.01,160.23,160.23,1.83042
229,medium,long,5011,2025-04-11 00:00:00,3175.74,3087.97,0,35.10807,0,5089,2025-05-01 04:00:00,3246.67,EXIT_CHANNEL,78,0.01,70.93,70.93,0.80813
230,slow,long,5011,2025-04-11 00:00:00,3175.74,3087.97,0,35.10807,0,5089,2025-05-01 04:00:00,3246.67,EXIT_CHANNEL,78,0.01,70.93,70.93,0.80813
231,fast,short,5090,2025-05-01 04:00:00,3246.67,3326.22,0,31.8198,0,5103,2025-05-05 12:00:00,3282.72,EXIT_CHANNEL,13,0.01,-36.05,-36.05,-0.45318
232,medium,short,5090,2025-05-01 04:00:00,3246.67,3326.22,0,31.8198,0,5105,2025-05-05 20:00:00,3309.76,EXIT_PROTECTIVE_STOP,15,0.01,-63.09,-63.09,-0.79309
233,fast,long,5107,2025-05-06 00:00:00,3335.81,3264.32,0,28.59469,0,5121,2025-05-08 12:00:00,3339.32,EXIT_CHANNEL,14,0.01,3.51,3.51,0.0491
234,medium,long,5111,2025-05-06 16:00:00,3391.07,3318.29,0,29.11278,0,5123,2025-05-08 20:00:00,3310.28,EXIT_PROTECTIVE_STOP,12,0.01,-80.79,-80.79,-1.11003
235,fast,short,5134,2025-05-12 12:00:00,3231.45,3315.6,0,33.66133,0,5171,2025-05-20 20:00:00,3278.87,EXIT_CHANNEL,37,0.01,-47.42,-47.42,-0.5635
236,medium,short,5147,2025-05-14 16:00:00,3184.8,3259.58,0,29.91124,0,5171,2025-05-20 20:00:00,3278.87,EXIT_PROTECTIVE_STOP,24,0.01,-94.07,-94.07,-1.25799
237,slow,short,5147,2025-05-14 16:00:00,3184.8,3259.58,0,29.91124,0,5171,2025-05-20 20:00:00,3278.87,EXIT_PROTECTIVE_STOP,24,0.01,-94.07,-94.07,-1.25799
238,fast,long,5172,2025-05-20 20:00:00,3278.87,3203.73,0,30.05637,0,5199,2025-05-27 12:00:00,3298.6,EXIT_CHANNEL,27,0.01,19.73,19.73,0.26257
239,medium,long,5189,2025-05-23 16:00:00,3356.97,3290.05,0,26.76615,0,5200,2025-05-27 16:00:00,3293.66,EXIT_PROTECTIVE_STOP,11,0.01,-63.31,-63.31,-0.94612
240,fast,short,5210,2025-05-29 04:00:00,3264.98,3324.44,0,23.78501,0,5213,2025-05-29 20:00:00,3322.27,EXIT_PROTECTIVE_STOP,3,0.01,-57.29,-57.29,-0.96346
241,fast,long,5224,2025-06-02 12:00:00,3352.09,3290.68,0,24.56442,0,5249,2025-06-06 20:00:00,3322.79,EXIT_CHANNEL,25,0.01,-29.3,-29.3,-0.47711
242,medium,long,5226,2025-06-02 20:00:00,3371.62,3310.35,0,24.50874,0,5249,2025-06-06 20:00:00,3322.79,EXIT_CHANNEL,23,0.01,-48.83,-48.83,-0.79694
243,fast,short,5250,2025-06-06 20:00:00,3322.79,3379.41,0,22.64728,0,5269,2025-06-12 04:00:00,3365.83,EXIT_CHANNEL,19,0.01,-43.04,-43.04,-0.76018
244,medium,long,5276,2025-06-13 04:00:00,3416.7,3359.28,0,22.96852,0,5301,2025-06-19 12:00:00,3368.65,EXIT_PROTECTIVE_STOP,25,0.01,-48.05,-48.05,-0.8368
245,slow,long,5276,2025-06-13 04:00:00,3416.7,3359.28,0,22.96852,0,5301,2025-06-19 12:00:00,3368.65,EXIT_PROTECTIVE_STOP,25,0.01,-48.05,-48.05,-0.8368
246,fast,long,5270,2025-06-12 04:00:00,3365.83,3311.82,0,21.60234,0,5319,2025-06-24 12:00:00,3327.31,EXIT_CHANNEL,49,0.01,-38.52,-38.52,-0.71326
247,fast,short,5320,2025-06-24 12:00:00,3327.31,3382.45,0,22.05614,0,5331,2025-06-26 12:00:00,3348.08,EXIT_CHANNEL,11,0.01,-20.77,-20.77,-0.37668
248,fast,short,5337,2025-06-27 08:00:00,3293.92,3341.73,0,19.12386,0,5347,2025-07-01 04:00:00,3314.73,EXIT_CHANNEL,10,0.02,-20.81,-41.62,-0.43527
249,slow,short,5339,2025-06-27 16:00:00,3270.08,3318.18,0,19.23843,0,5348,2025-07-01 08:00:00,3322.97,EXIT_PROTECTIVE_STOP,9,0.02,-52.89,-105.78,-1.09967
250,medium,short,5321,2025-06-24 16:00:00,3314.62,3370.06,0,22.17684,0,5350,2025-07-01 16:00:00,3354.53,EXIT_CHANNEL,29,0.01,-39.91,-39.91,-0.71985
251,fast,long,5351,2025-07-01 16:00:00,3354.53,3307.74,0,18.71569,0,5362,2025-07-03 16:00:00,3324.49,EXIT_CHANNEL,11,0.02,-30.04,-60.08,-0.64203
252,fast,short,5372,2025-07-07 08:00:00,3307.78,3349.24,0,16.58327,0,5390,2025-07-10 12:00:00,3328.71,EXIT_CHANNEL,18,0.02,-20.93,-41.86,-0.50485
253,fast,long,5398,2025-07-11 16:00:00,3355.14,3316.53,0,15.44286,0,5410,2025-07-15 20:00:00,3329.31,EXIT_CHANNEL,12,0.02,-25.83,-51.66,-0.66905
254,fast,short,5422,2025-07-17 16:00:00,3313.12,3354.52,0,16.55961,0,5427,2025-07-18 16:00:00,3359.97,EXIT_PROTECTIVE_STOP,5,0.02,-46.85,-93.7,-1.13167
255,fast,long,5434,2025-07-21 16:00:00,3387.27,3350.02,0,14.90106,0,5450,2025-07-24 12:00:00,3369.69,EXIT_CHANNEL,16,0.02,-17.58,-35.16,-0.47191
256,slow,long,5435,2025-07-21 20:00:00,3395.68,3358.05,0,15.05101,0,5451,2025-07-24 16:00:00,3353.46,EXIT_PROTECTIVE_STOP,16,0.02,-42.22,-84.44,-1.12205
257,medium,long,5434,2025-07-21 16:00:00,3387.27,3350.02,0,14.90106,0,5456,2025-07-25 12:00:00,3345.45,EXIT_PROTECTIVE_STOP,22,0.02,-41.82,-83.64,-1.1226
258,fast,short,5457,2025-07-25 12:00:00,3345.45,3383.55,0,15.24114,0,5487,2025-08-01 16:00:00,3341.2,EXIT_CHANNEL,30,0.02,4.25,8.5,0.11154
259,medium,short,5477,2025-07-30 20:00:00,3298.09,3336.66,0,15.42668,0,5487,2025-08-01 16:00:00,3341.2,EXIT_PROTECTIVE_STOP,10,0.02,-43.11,-86.22,-1.1178
260,slow,short,5478,2025-07-31 00:00:00,3276.42,3317.64,0,16.48735,0,5487,2025-08-01 16:00:00,3341.2,EXIT_PROTECTIVE_STOP,9,0.02,-64.78,-129.56,-1.57163
261,fast,long,5488,2025-08-01 16:00:00,3341.2,3296.81,0,17.75786,0,5522,2025-08-11 12:00:00,3361.85,EXIT_CHANNEL,34,0.02,20.65,41.3,0.46515
262,fast,short,5524,2025-08-11 16:00:00,3356.89,3400.75,0,17.54544,0,5578,2025-08-22 20:00:00,3370.59,EXIT_CHANNEL,54,0.02,-13.7,-27.4,-0.31233
263,medium,short,5561,2025-08-19 20:00:00,3317.44,3352.75,0,14.12256,0,5578,2025-08-22 20:00:00,3370.59,EXIT_PROTECTIVE_STOP,17,0.02,-53.15,-106.3,-1.50539
264,fast,long,5579,2025-08-22 20:00:00,3370.59,3335.84,0,13.90166,0,5687,2025-09-18 00:00:00,3659.65,EXIT_CHANNEL,108,0.02,289.06,578.12,8.31728
265,fast,long,5703,2025-09-22 12:00:00,3720.37,3672.68,0,19.07719,0,5716,2025-09-24 20:00:00,3735.72,EXIT_CHANNEL,13,0.02,15.35,30.7,0.32185
266,fast,long,5732,2025-09-29 08:00:00,3805.04,3748.98,0,22.42493,0,5752,2025-10-02 20:00:00,3844.91,EXIT_CHANNEL,20,0.01,39.87,39.87,0.71117
267,fast,long,5761,2025-10-06 04:00:00,3900.34,3838.92,0,24.56731,0,5782,2025-10-09 20:00:00,3969.19,EXIT_CHANNEL,21,0.01,68.85,68.85,1.121
268,fast,long,5793,2025-10-13 12:00:00,4077.78,3994.82,0,33.18373,0,5830,2025-10-21 20:00:00,4113.46,EXIT_CHANNEL,37,0.01,35.68,35.68,0.43009
269,medium,long,5587,2025-08-26 04:00:00,3383.21,3348.97,0,13.69437,0,5830,2025-10-21 20:00:00,4113.46,EXIT_CHANNEL,243,0.02,730.25,1460.5,21.32994
270,slow,long,5603,2025-08-28 20:00:00,3415.47,3381.48,0,13.59489,0,5857,2025-10-28 08:00:00,3966.56,EXIT_CHANNEL,254,0.02,551.09,1102.18,16.21462
271,fast,short,5891,2025-11-04 20:00:00,3955.09,4053.11,0,39.20838,0,5900,2025-11-06 12:00:00,4011.0,EXIT_CHANNEL,9,0.01,-55.91,-55.91,-0.57039
272,fast,long,5911,2025-11-10 04:00:00,4043.99,3965.12,0,31.5496,0,5937,2025-11-14 16:00:00,4055.9,EXIT_CHANNEL,26,0.01,11.91,11.91,0.151
273,medium,long,5912,2025-11-10 08:00:00,4069.45,3990.49,0,31.58562,0,5937,2025-11-14 16:00:00,4055.9,EXIT_CHANNEL,25,0.01,-13.55,-13.55,-0.1716
274,fast,short,5938,2025-11-14 16:00:00,4055.9,4149.34,0,37.37646,0,5953,2025-11-19 08:00:00,4095.54,EXIT_CHANNEL,15,0.01,-39.64,-39.64,-0.42422
275,slow,long,6001,2025-12-01 04:00:00,4255.59,4183.7,0,28.75601,0,6008,2025-12-02 12:00:00,4191.85,EXIT_PROTECTIVE_STOP,7,0.01,-63.74,-63.74,-0.88663
276,fast,long,5976,2025-11-25 00:00:00,4133.82,4038.79,0,38.01222,0,6115,2025-12-29 16:00:00,4421.2,EXIT_CHANNEL,139,0.01,287.38,287.38,3.02408
277,medium,long,5995,2025-11-28 04:00:00,4191.06,4120.72,0,28.13479,0,6115,2025-12-29 16:00:00,4421.2,EXIT_CHANNEL,120,0.01,230.14,230.14,3.27196
278,slow,long,6053,2025-12-11 20:00:00,4278.66,4212.24,0,26.5666,0,6125,2025-12-31 08:00:00,4285.97,EXIT_CHANNEL,72,0.01,7.31,7.31,0.11006
279,medium,short,6126,2025-12-31 08:00:00,4285.97,4388.2,0,40.89345,0,6132,2026-01-02 12:00:00,4385.52,EXIT_PROTECTIVE_STOP,6,0.01,-99.55,-99.55,-0.97375
280,fast,short,6116,2025-12-29 16:00:00,4421.2,4507.94,0,34.69436,0,6138,2026-01-05 12:00:00,4434.84,EXIT_CHANNEL,22,0.01,-13.64,-13.64,-0.15726
281,fast,long,6139,2026-01-05 12:00:00,4434.84,4333.63,0,40.48524,0,6252,2026-01-30 12:00:00,5013.64,EXIT_CHANNEL,113,0.01,578.8,578.8,5.71863
282,medium,long,6167,2026-01-12 04:00:00,4570.15,4480.74,0,35.76407,0,6254,2026-01-30 20:00:00,4849.93,EXIT_CHANNEL,87,0.01,279.78,279.78,3.12917
283,slow,long,6167,2026-01-12 04:00:00,4570.15,4480.74,0,35.76407,0,6257,2026-02-02 08:00:00,4549.37,EXIT_CHANNEL,90,0.01,-20.78,-20.78,-0.23241
284,fast,short,6591,2026-04-21 20:00:00,4711.12,4811.94,0,40.32802,0,6630,2026-04-30 12:00:00,4616.42,EXIT_CHANNEL,39,0.01,94.7,94.7,0.9393
285,medium,short,6619,2026-04-28 12:00:00,4629.7,4719.42,0,35.88796,0,6654,2026-05-06 12:00:00,4700.31,EXIT_CHANNEL,35,0.01,-70.61,-70.61,-0.787
286,fast,long,6655,2026-05-06 12:00:00,4700.31,4601.24,0,39.62913,0,6672,2026-05-11 12:00:00,4667.62,EXIT_CHANNEL,17,0.01,-32.69,-32.69,-0.32996
287,medium,short,6714,2026-05-20 08:00:00,4462.11,4561.54,0,39.77385,0,6719,2026-05-21 08:00:00,4538.45,EXIT_PROTECTIVE_STOP,5,0.01,-76.34,-76.34,-0.76774
288,slow,short,6714,2026-05-20 08:00:00,4462.11,4561.54,0,39.77385,0,6719,2026-05-21 08:00:00,4538.45,EXIT_PROTECTIVE_STOP,5,0.01,-76.34,-76.34,-0.76774
289,fast,short,6695,2026-05-15 04:00:00,4630.35,4721.78,0,36.57236,0,6730,2026-05-25 04:00:00,4569.4,EXIT_CHANNEL,35,0.01,60.95,60.95,0.66662
290,fast,short,6746,2026-05-27 16:00:00,4438.47,4525.25,0,34.71227,0,6756,2026-05-29 12:00:00,4514.86,EXIT_PROTECTIVE_STOP,10,0.01,-76.39,-76.39,-0.88027
291,medium,short,6746,2026-05-27 16:00:00,4438.47,4525.25,0,34.71227,0,6756,2026-05-29 12:00:00,4514.86,EXIT_PROTECTIVE_STOP,10,0.01,-76.39,-76.39,-0.88027
292,slow,short,6746,2026-05-27 16:00:00,4438.47,4525.25,0,34.71227,0,6756,2026-05-29 12:00:00,4514.86,EXIT_PROTECTIVE_STOP,10,0.01,-76.39,-76.39,-0.88027
293,fast,long,6759,2026-05-29 20:00:00,4566.97,4470.25,0,38.68743,0,6764,2026-06-01 20:00:00,4480.04,EXIT_PROTECTIVE_STOP,5,0.01,-86.93,-86.93,-0.89879
294,fast,short,6775,2026-06-03 12:00:00,4444.01,4529.87,0,34.34569,0,6781,2026-06-04 16:00:00,4504.09,EXIT_CHANNEL,6,0.01,-60.08,-60.08,-0.69971
295,fast,short,6788,2026-06-05 16:00:00,4406.53,4498.16,0,36.65327,0,6820,2026-06-15 04:00:00,4292.65,EXIT_CHANNEL,32,0.01,113.88,113.88,1.24278
296,medium,short,6789,2026-06-05 20:00:00,4344.75,4443.99,0,39.69661,0,6821,2026-06-15 08:00:00,4328.23,EXIT_CHANNEL,32,0.01,16.52,16.52,0.16646
297,slow,short,6789,2026-06-05 20:00:00,4344.75,4443.99,0,39.69661,0,6903,2026-07-03 04:00:00,4147.1,EXIT_CHANNEL,114,0.01,197.65,197.65,1.99161
298,fast,short,6923,2026-07-08 12:00:00,4056.86,4154.01,0,38.85931,0,6975,2026-07-21 08:00:00,4049.61,EXIT_CHANNEL,52,0.01,7.25,7.25,0.07463
299,medium,short,6966,2026-07-17 16:00:00,3966.14,4052.89,0,34.69903,0,6976,2026-07-21 12:00:00,4062.9,EXIT_PROTECTIVE_STOP,10,0.01,-96.76,-96.76,-1.11542
300,fast,long,6981,2026-07-22 04:00:00,4097.57,4018.16,0,31.76521,0,6989,2026-07-23 16:00:00,4061.77,EXIT_CHANNEL,8,0.01,-35.8,-35.8,-0.45081
301,medium,long,6985,2026-07-22 20:00:00,4146.81,4064.4,0,32.96503,0,6989,2026-07-23 16:00:00,4061.77,EXIT_PROTECTIVE_STOP,4,0.01,-85.04,-85.04,-1.03188
302,fast,long,7042,2026-08-05 08:00:00,4135.54,4058.61,0,30.77236,0,7081,2026-08-14 00:00:00,4353.14,EXIT_CHANNEL,39,0.01,217.6,217.6,2.82851
303,medium,long,7043,2026-08-05 12:00:00,4160.54,4081.87,0,31.46825,0,7083,2026-08-14 08:00:00,4326.88,EXIT_CHANNEL,40,0.01,166.34,166.34,2.11439
304,fast,short,7084,2026-08-14 08:00:00,4326.88,4419.01,0,36.85282,0,7092,2026-08-17 20:00:00,4424.04,EXIT_PROTECTIVE_STOP,8,0.01,-97.16,-97.16,-1.05457
305,fast,long,7104,2026-08-19 16:00:00,4438.79,4348.04,0,36.29803,0,7134,2026-08-26 20:00:00,4591.61,EXIT_CHANNEL,30,0.01,152.82,152.82,1.68406
306,medium,long,7105,2026-08-19 20:00:00,4493.26,4397.68,0,38.23213,0,7146,2026-08-28 20:00:00,4479.93,EXIT_CHANNEL,41,0.01,-13.33,-13.33,-0.13946
307,slow,long,7044,2026-08-05 16:00:00,4183.92,4101.26,0,33.06483,0,7146,2026-08-28 16:00:00,4479.58,EXIT_END_OF_DATA,102,0.01,295.66,295.66,3.57673
