date,ret
2022-01-02,0.0
2022-01-03,0.0
2022-01-04,0.0
2022-01-05,0.0
2022-01-06,0.0
2022-01-07,0.0
2022-01-09,0.0
2022-01-10,0.0
2022-01-11,0.0
2022-01-12,0.0
2022-01-13,0.0
2022-01-14,0.0
2022-01-16,0.0
2022-01-17,0.0
2022-01-18,0.0
2022-01-19,0.0
2022-01-20,0.0
2022-01-21,0.0
2022-01-23,0.0
2022-01-24,0.0
2022-01-25,0.0
2022-01-26,0.0
2022-01-27,0.0
2022-01-28,0.0
2022-01-30,0.0
2022-01-31,0.0
2022-02-01,0.0
2022-02-02,0.0
2022-02-03,0.0
2022-02-04,0.0
2022-02-06,0.0
2022-02-07,0.0
2022-02-08,0.0
2022-02-09,0.0
2022-02-10,0.0
2022-02-11,0.0
2022-02-13,0.0
2022-02-14,0.0
2022-02-15,0.0
2022-02-16,0.0
2022-02-17,0.0
2022-02-18,0.0
2022-02-20,0.0
2022-02-21,0.0
2022-02-22,-0.0011692125000000164
2022-02-23,0.001320584043370765
2022-02-24,-8.031296690913514e-06
2022-02-25,0.0
2022-02-27,0.0
2022-02-28,0.0
2022-03-01,0.0
2022-03-02,0.0
2022-03-03,0.0
2022-03-04,0.0
2022-03-06,0.0
2022-03-07,-0.0008172791139080537
2022-03-08,0.003315319830077268
2022-03-09,-0.004050955685398927
2022-03-10,0.0006878345865046764
2022-03-11,-0.0001553145141677259
2022-03-13,-0.0006366482117122763
2022-03-14,-0.0006189160658143233
2022-03-15,0.00021624568325262494
2022-03-16,-0.0001329987905404062
2022-03-17,-1.0413989428470494e-05
2022-03-18,0.0
2022-03-20,0.0
2022-03-21,0.0
2022-03-22,0.0
2022-03-23,-7.82598036328519e-05
2022-03-24,0.0005359333314769454
2022-03-25,-7.061419908327426e-05
2022-03-27,-5.956052181155247e-05
2022-03-28,-0.001072994720817677
2022-03-29,-2.685067340024716e-06
2022-03-30,0.0
2022-03-31,0.0
2022-04-01,0.0
2022-04-03,0.0
2022-04-04,0.0
2022-04-05,0.0
2022-04-06,0.0
2022-04-07,0.0
2022-04-08,0.0
2022-04-10,0.0
2022-04-11,0.0
2022-04-12,0.0
2022-04-13,0.0
2022-04-14,0.0
2022-04-17,0.0
2022-04-18,-0.0007589359453999966
2022-04-19,-5.3742277938972904e-06
2022-04-20,0.0
2022-04-21,0.0
2022-04-22,0.0
2022-04-24,0.0
2022-04-25,0.0
2022-04-26,0.0
2022-04-27,0.0
2022-04-28,0.0
2022-04-29,0.0
2022-05-01,0.0
2022-05-02,0.0
2022-05-03,0.0
2022-05-04,0.0
2022-05-05,0.0
2022-05-06,0.0
2022-05-08,0.0
2022-05-09,0.0
2022-05-10,0.0
2022-05-11,-0.0014815154669598485
2022-05-12,0.00211645586984055
2022-05-13,0.0006366804944148985
2022-05-15,-0.00019981933948565178
2022-05-16,-0.0005680825158511649
2022-05-17,0.0006010982679367505
2022-05-18,8.335518397784014e-05
2022-05-19,-0.001564009388667409
2022-05-20,-0.00030902455925996275
2022-05-22,-0.0003189179262471642
2022-05-23,-1.7434992022447027e-05
2022-05-24,0.0
2022-05-25,0.0
2022-05-26,0.0
2022-05-27,0.0
2022-05-29,0.0
2022-05-30,0.0
2022-05-31,0.0002493111704342521
2022-06-01,-0.0006215959227272583
2022-06-02,-0.0005322098269248121
2022-06-03,-0.0013686754576139881
2022-06-05,-0.00010765927438227685
2022-06-06,-5.392606511778197e-06
2022-06-07,0.0
2022-06-08,0.0
2022-06-09,0.0
2022-06-10,0.0
2022-06-12,0.0
2022-06-13,0.0
2022-06-14,0.0
2022-06-15,0.0
2022-06-16,0.0
2022-06-17,0.0
2022-06-19,0.0
2022-06-20,0.0
2022-06-21,0.0
2022-06-22,0.0
2022-06-23,0.0
2022-06-24,0.0
2022-06-26,0.0
2022-06-27,0.0
2022-06-28,0.0
2022-06-29,0.0
2022-06-30,0.0
2022-07-01,0.0
2022-07-03,0.0
2022-07-04,0.0
2022-07-05,0.0
2022-07-06,0.0
2022-07-07,0.0
2022-07-08,0.0
2022-07-10,0.0
2022-07-11,0.0
2022-07-12,0.0
2022-07-13,0.0
2022-07-14,0.0
2022-07-15,0.0
2022-07-17,0.0
2022-07-18,0.0
2022-07-19,0.0
2022-07-20,0.0
2022-07-21,0.0
2022-07-22,0.0
2022-07-24,0.0
2022-07-25,0.0
2022-07-26,0.0
2022-07-27,0.0
2022-07-28,0.0
2022-07-29,0.0
2022-07-31,0.0
2022-08-01,0.0
2022-08-02,-0.0015414327702868436
2022-08-03,0.00030580482166375766
2022-08-04,0.000788450453734546
2022-08-05,-0.0005685210209899205
2022-08-07,-7.838621686517833e-05
2022-08-08,0.0004332750672728647
2022-08-09,6.493590541212235e-05
2022-08-10,-8.476185102201939e-05
2022-08-11,-8.083894536570213e-05
2022-08-12,0.0004211583948952047
2022-08-14,-8.075100404181246e-05
2022-08-15,-0.0007254878881489679
2022-08-16,-0.0001379802790643092
2022-08-17,-0.00029687096206132413
2022-08-18,-0.0003181402276339895
2022-08-19,-2.398767047662176e-06
2022-08-21,0.0
2022-08-22,0.000447158491831523
2022-08-23,-0.00044369412701328326
2022-08-24,-0.00039011031428226595
2022-08-25,-0.00014135980679153004
2022-08-26,0.001067223005214002
2022-08-28,0.00024004464464955078
2022-08-29,-0.00028213629535522866
2022-08-30,0.001038139746077693
2022-08-31,0.0010387797412831912
2022-09-01,0.0007486728820913502
2022-09-02,-0.0012625345146881628
2022-09-04,0.0003377720510264748
2022-09-05,-0.0013410840150109848
2022-09-06,-3.6215858398969125e-05
2022-09-07,-0.0005818771034930004
2022-09-08,6.764474499343365e-05
2022-09-09,-8.773436422115921e-05
2022-09-11,9.300658595057243e-06
2022-09-12,-1.1171881084903745e-05
2022-09-13,0.0
2022-09-14,0.0
2022-09-15,0.0
2022-09-16,0.0
2022-09-18,0.0
2022-09-19,0.0
2022-09-20,0.0
2022-09-21,0.0
2022-09-22,0.0
2022-09-23,0.0
2022-09-25,0.0
2022-09-26,-0.00016782667436909815
2022-09-27,0.00028066489667755157
2022-09-28,-0.0016187643652046946
2022-09-29,-0.0006390118194491423
2022-09-30,-2.239202489040526e-05
2022-10-02,0.0
2022-10-03,0.0
2022-10-04,0.0
2022-10-05,0.0
2022-10-06,0.0
2022-10-07,0.0
2022-10-09,0.0
2022-10-10,0.0
2022-10-11,0.0
2022-10-12,0.0
2022-10-13,0.0
2022-10-14,0.0
2022-10-16,0.0
2022-10-17,0.0
2022-10-18,0.0
2022-10-19,0.0
2022-10-20,0.0
2022-10-21,-0.0018246649362474443
2022-10-23,0.0
2022-10-24,0.0
2022-10-25,0.0
2022-10-26,-0.00020089110137566646
2022-10-27,-0.0001772553853010006
2022-10-28,-0.0003470144684620813
2022-10-30,0.0
2022-10-31,0.0
2022-11-01,0.0
2022-11-02,0.0
2022-11-03,-0.00039046428731737137
2022-11-04,-0.0003493688833171582
2022-11-06,-0.0003273972951649551
2022-11-07,2.148468598739406e-05
2022-11-08,0.00036868572349346707
2022-11-09,-6.880935562669777e-05
2022-11-10,0.003663939634527269
2022-11-11,0.0021969220040629622
2022-11-13,-0.0009519692627888432
2022-11-14,0.0005445526806469037
2022-11-15,0.00033294398342298415
2022-11-16,-0.0004667649453083955
2022-11-17,-0.0006562710768046598
2022-11-18,-0.0007073008653168955
2022-11-20,5.340625002570043e-05
2022-11-21,-0.00017871715686401668
2022-11-22,0.00016354620310443657
2022-11-23,-0.0006086104291904704
2022-11-24,-1.1693138169510675e-05
2022-11-25,0.0
2022-11-27,0.0
2022-11-28,0.0
2022-11-29,0.0
2022-11-30,0.0004969793430991132
2022-12-01,0.002050963487461699
2022-12-02,-3.5081362560918095e-05
2022-12-04,0.000876822883735251
2022-12-05,-0.004095316181839559
2022-12-06,-0.0002137651175103672
2022-12-07,0.0006705664185355786
2022-12-08,0.0009192071578658645
2022-12-09,0.0002189959611582637
2022-12-11,-0.000991430690043149
2022-12-12,-0.0008824933425066739
2022-12-13,0.001926398516115535
2022-12-14,-0.0015538346108447953
2022-12-15,-0.0025843395143728687
2022-12-16,0.0012686035869537982
2022-12-18,-4.714781519743472e-05
2022-12-19,-0.0006492446843375799
2022-12-20,0.00215777592202282
2022-12-21,0.0003016458829532276
2022-12-22,-0.0024995033370652786
2022-12-23,0.00026104584588892976
2022-12-26,0.00034316138544832064
2022-12-27,0.0005580738715529332
2022-12-28,-0.0005663460534476306
2022-12-29,0.0008560771150960544
2022-12-30,0.0005051440482002345
2023-01-02,0.00020422113020290844
2023-01-03,0.0012370794169127564
2023-01-04,0.0016962150406392151
2023-01-05,-0.002915690801506776
2023-01-06,0.0024721291304354853
2023-01-08,0.0005606674001392697
2023-01-09,-6.63519153120129e-05
2023-01-10,-0.00032959634655937986
2023-01-11,0.0007761158455021899
2023-01-12,0.001963837229736143
2023-01-13,0.002368669333239648
2023-01-15,0.0002690877874287345
2023-01-16,-0.0012870367555749551
2023-01-17,-0.0006498719197032266
2023-01-18,-0.0009193267269850258
2023-01-19,0.002319282581572102
2023-01-20,-0.0006237734474351386
2023-01-22,0.0005377742355034965
2023-01-23,0.0003076075880912299
2023-01-24,-1.3245355120483637e-06
2023-01-25,0.0008505736813984033
2023-01-26,-0.0017638871042813253
2023-01-27,-0.0002253775137760483
2023-01-29,-0.00021017875740991787
2023-01-30,-0.0003397609480090269
2023-01-31,-0.0034221411799336687
2023-02-01,9.6831892453908e-05
2023-02-02,-0.0037049191702468454
2023-02-03,0.0013119077634859977
2023-02-05,-0.0004241346720527117
2023-02-06,-3.0595120668053255e-05
2023-02-07,-0.00010756558946711792
2023-02-08,-0.0003335902463456053
2023-02-09,-0.001054858107150447
2023-02-10,-0.0001069609529281701
2023-02-12,0.000151870410727728
2023-02-13,-0.0001428441940295455
2023-02-14,-0.00015066561461418715
2023-02-15,0.0016235786370157879
2023-02-16,0.0011521178383189223
2023-02-17,-0.0012139156016232056
2023-02-19,0.00023919987045517566
2023-02-20,-0.00015147340616328275
2023-02-21,0.0006133226380886647
2023-02-22,0.0007965741607853793
2023-02-23,0.00017324547272923319
2023-02-24,0.0013678731935196087
2023-02-26,-0.00019356422353788982
2023-02-27,-0.0002854367713297501
2023-02-28,-0.0010507823573935315
2023-03-01,-0.000226301088388281
2023-03-02,-0.0003281872123916951
2023-03-03,6.67828775480217e-05
2023-03-05,-0.00026637598390788497
2023-03-06,-0.00026856963960786295
2023-03-07,-0.0003610082568368256
2023-03-08,1.1419123503220163e-05
2023-03-09,-0.0006664914301309777
2023-03-10,0.0002623970424462385
2023-03-12,0.0002928653730249753
2023-03-13,0.003937260866101244
2023-03-14,-0.0004729942095096362
2023-03-15,0.0008305508832056052
2023-03-16,0.00134958273844199
2023-03-17,0.008003781021077572
2023-03-19,-0.002514864921361548
2023-03-20,0.0011903758151359245
2023-03-21,-0.004103618367666484
2023-03-22,0.001974194698388221
2023-03-23,0.0016939367421429097
2023-03-24,-0.000994842420804054
2023-03-26,-0.0004964756428300632
2023-03-27,-0.0011856620829243658
2023-03-28,0.0007632077777255386
2023-03-29,-0.0007679139579973571
2023-03-30,0.0012934853611901165
2023-03-31,-0.0011639000327273719
2023-04-02,-0.0009196374495971105
2023-04-03,-0.0007039527536072399
2023-04-04,0.0012156805443068741
2023-04-05,-0.0003001810958261908
2023-04-06,-0.0009367178700391277
2023-04-09,-0.0011690840006408632
2023-04-10,-0.00022906032038494395
2023-04-11,0.00043298363715615906
2023-04-12,0.0003206808950824147
2023-04-13,0.0015341928218048917
2023-04-14,-0.004069362924951414
2023-04-16,-0.0001495279166107144
2023-04-17,-0.00039766343684233263
2023-04-18,0.00010769324169168648
2023-04-19,-0.0012102090031868018
2023-04-20,-0.000611994673758498
2023-04-21,0.0006504179842690139
2023-04-23,-4.012540297804179e-06
2023-04-24,-0.00038473940092120795
2023-04-25,-9.765828899221951e-06
2023-04-26,0.00019906622698329102
2023-04-27,0.0001778400408150027
2023-04-28,-0.00012649157441013692
2023-04-30,0.00020784165818610312
2023-05-01,-0.0006202802757674375
2023-05-02,-4.064749268806178e-05
2023-05-03,0.002271870872017523
2023-05-04,-0.0005556007542799613
2023-05-05,-0.003306772424596427
2023-05-07,-1.1888238241719584e-05
2023-05-08,4.809941327454936e-05
2023-05-09,0.0004499777851898479
2023-05-10,-5.468357021432002e-05
2023-05-11,-0.0005963593692392966
2023-05-12,0.00015560391350200042
2023-05-14,-1.706221088870752e-05
2023-05-15,-0.00010415222966952964
2023-05-16,0.0006195294880262381
2023-05-17,0.0005332422955868221
2023-05-18,0.001964009796427968
2023-05-19,-0.0020288882339041248
2023-05-21,-0.0002507281693527874
2023-05-22,0.001404757181738825
2023-05-23,-0.0007064069305919851
2023-05-24,0.001596591061346464
2023-05-25,0.0018964106232637334
2023-05-26,-0.0005633455883298222
2023-05-28,0.000564407966023639
2023-05-29,-9.096012531739639e-05
2023-05-30,-0.001566201289657565
2023-05-31,-0.00043055989345264223
2023-06-01,-0.0009060068970235813
2023-06-02,0.00017236599926895302
2023-06-04,8.503928038749997e-05
2023-06-05,-0.0011676130217823655
2023-06-06,-0.00024097282197044212
2023-06-07,0.001666211177978827
2023-06-08,-0.0006835114041588986
2023-06-09,9.042107398760102e-05
2023-06-11,0.00013955069471416337
2023-06-12,2.7273442623654276e-05
2023-06-13,0.0005721455460399039
2023-06-14,0.00021803263032693643
2023-06-15,-0.0024326097874238783
2023-06-16,1.013597516785758e-05
2023-06-18,6.982534810506813e-05
2023-06-19,0.0002403256730161285
2023-06-20,0.0006028074987227683
2023-06-21,0.00019246847568465952
2023-06-22,0.0006921594271009912
2023-06-23,-0.0005490830112973022
2023-06-25,-0.00018823761231456793
2023-06-26,0.00015731011827724295
2023-06-27,0.000290984808458683
2023-06-28,0.0002620327375046916
2023-06-29,0.00021830963268620884
2023-06-30,-0.0016162619019391977
2023-07-02,0.0003416089196737193
2023-07-03,-0.0004180019964047377
2023-07-04,-0.00019488290060709623
2023-07-05,0.00038663256837789817
2023-07-06,7.359282140906309e-05
2023-07-07,-0.0010136896324909328
2023-07-09,6.783508914143255e-05
2023-07-10,-8.185434214535992e-05
2023-07-11,-0.0007231844016026834
2023-07-12,0.002105070492989025
2023-07-13,0.00017931133808657407
2023-07-14,-0.00041791433105897724
2023-07-16,-0.00021530576531103574
2023-07-17,-0.00029359657142924434
2023-07-18,0.0018700065409029687
2023-07-19,1.4522474350631143e-05
2023-07-20,-0.001231228254382155
2023-07-21,-0.0011137363043730586
2023-07-23,-0.00017407001643143794
2023-07-24,-0.0007086600943788657
2023-07-25,0.0
2023-07-26,-2.7481728388845106e-05
2023-07-27,-0.0016415513873103693
2023-07-28,-0.0010150654769525147
2023-07-30,0.00016210478528289052
2023-07-31,-0.0006304338019920142
2023-08-01,0.0
2023-08-02,2.48906131441462e-05
2023-08-03,-7.909910873127313e-05
2023-08-04,-0.0005131861142035898
2023-08-06,-4.326950347688374e-05
2023-08-07,0.0007162444514576816
2023-08-08,0.0009253251843275301
2023-08-09,0.0006397649395297744
2023-08-10,0.0003392928133290063
2023-08-11,0.00010007573448977958
2023-08-13,0.00047628649573105974
2023-08-14,0.0005377024787320828
2023-08-15,0.0007414985858706924
2023-08-16,0.0012743631802971667
2023-08-17,-4.1244177829802275e-05
2023-08-18,0.0004922725849261234
2023-08-20,4.426961265768803e-05
2023-08-21,-0.0007886751370042022
2023-08-22,-0.0002547676877108218
2023-08-23,-0.0020148409873640416
2023-08-24,-0.000575308947786235
2023-08-25,-0.0006149643930761783
2023-08-27,0.0
2023-08-28,0.0
2023-08-29,-0.00014810472053872203
2023-08-30,0.0008186627178361494
2023-08-31,-0.0006618086474937668
2023-09-01,-0.0009021087317570009
2023-09-03,-2.292668263326192e-05
2023-09-04,-0.00018483793576418162
2023-09-05,0.00043763347303826805
2023-09-06,0.0005754756104887626
2023-09-07,-0.0004728563294345012
2023-09-08,0.00033719428206269164
2023-09-10,-2.7860600330775753e-05
2023-09-11,-8.616730368249392e-05
2023-09-12,0.0005262996315051893
2023-09-13,2.4940781401916468e-05
2023-09-14,0.00022780948762290976
2023-09-15,-0.001475735776388598
2023-09-17,-5.4910140893649206e-05
2023-09-18,0.000463048188388715
2023-09-19,-0.0007210937761186198
2023-09-20,-0.0008277872100256323
2023-09-21,-0.0005517697079431283
2023-09-22,-0.0001189093639238914
2023-09-24,7.058567422335571e-05
2023-09-25,0.0006272497703641022
2023-09-26,0.0009413645845133267
2023-09-27,0.004839629496647291
2023-09-28,0.002412785435215614
2023-09-29,0.0033185660435424147
2023-10-01,0.0008329020681001609
2023-10-02,0.004204948564576538
2023-10-03,0.0004470722557965434
2023-10-04,-0.000440241486416304
2023-10-05,0.0010202227499258587
2023-10-06,-0.00225358342675408
2023-10-08,-0.002584186089031215
2023-10-09,-0.00039448810209996577
2023-10-10,0.000114298594495299
2023-10-11,-5.779132892946848e-05
2023-10-12,-0.0005599358612456973
2023-10-13,0.00546755834250412
2023-10-15,-0.0011637596086984114
2023-10-16,-0.0005068144577713429
2023-10-17,0.0008314387726404693
2023-10-18,0.0020313669461122785
2023-10-19,0.0031378626602920345
2023-10-20,0.0008115399860759709
2023-10-22,-0.002137216176596013
2023-10-23,0.000913031416929222
2023-10-24,-0.00012048881087389773
2023-10-25,0.0010946150142456812
2023-10-26,-6.509363852291727e-05
2023-10-27,0.003012068388619449
2023-10-29,-0.0004805867120973861
2023-10-30,-0.0011316997424157815
2023-10-31,-0.0021325265587549547
2023-11-01,0.0005526678954648201
2023-11-02,-0.00025614743369284376
2023-11-03,0.0007783008517796564
2023-11-05,-0.00018611059518425233
2023-11-06,-0.0015032882060223018
2023-11-07,-0.000937425324685992
2023-11-08,0.0007987803263969084
2023-11-09,-0.0005506776506308819
2023-11-10,0.002050921526133287
2023-11-12,-0.00011352362514571723
2023-11-13,-0.0005052007225706534
2023-11-14,-0.0012527465769736068
2023-11-15,-0.0011334070641940697
2023-11-16,0.0012225636500724502
2023-11-17,-0.00013486721160704818
2023-11-19,-6.181832871077209e-05
2023-11-20,-0.0006405835021848771
2023-11-21,-0.0002606960921965884
2023-11-22,-0.0002514176184208461
2023-11-23,-9.759434192979644e-05
2023-11-24,0.0006602614567190468
2023-11-26,0.0007449337645764054
2023-11-27,0.00036402508404398404
2023-11-28,0.004109232644141425
2023-11-29,-0.0007695823758059328
2023-11-30,-0.00027253936024540515
2023-12-01,0.003872558257173919
2023-12-03,0.0018444122332328394
2023-12-04,-0.007645549159285614
2023-12-05,-0.0004881761761663661
2023-12-06,0.00014277744420243543
2023-12-07,5.728477580912994e-05
2023-12-08,-0.0021505962522622157
2023-12-10,0.00014272176621443755
2023-12-11,0.0011437988786213715
2023-12-12,0.00023030388155564907
2023-12-13,-0.002899131872584171
2023-12-14,-2.7036187738915807e-05
2023-12-15,-0.0003732636328436234
2023-12-17,-5.367481127005469e-06
2023-12-18,0.0
2023-12-19,0.0
2023-12-20,0.0
2023-12-21,0.0
2023-12-22,0.00033304014235668866
2023-12-26,0.000797609351163242
2023-12-27,0.0015797498655600872
2023-12-28,-0.0013381928032297763
2023-12-29,-0.0007953973746853693
2024-01-01,8.315739366282493e-05
2024-01-02,-0.00022710773846279508
2024-01-03,-0.0009040358594065712
2024-01-04,-0.0001471640318293499
2024-01-05,0.0001626285643572256
2024-01-07,0.0
2024-01-08,-0.0010492055866339056
2024-01-09,9.415897110454097e-05
2024-01-10,0.0001835823113789381
2024-01-11,-0.0011582189042174118
2024-01-12,-0.0004831887412710678
2024-01-14,1.0750893294275699e-05
2024-01-15,-2.1141194163520893e-05
2024-01-16,-0.00028887319797155087
2024-01-17,-0.000532713027633025
2024-01-18,-0.001458794333309088
2024-01-19,-0.0011609414795447082
2024-01-21,0.0
2024-01-22,0.0
2024-01-23,0.0
2024-01-24,0.0
2024-01-25,0.0
2024-01-26,0.0
2024-01-28,0.0
2024-01-29,-0.0002612947031096491
2024-01-30,7.909312664944324e-05
2024-01-31,-0.00011160773051621664
2024-02-01,0.0010357999784273986
2024-02-02,-0.0013875302959347469
2024-02-04,-0.00013315930165769263
2024-02-05,-0.0007966777323801244
2024-02-06,-0.00028703378297301185
2024-02-07,-7.906704851812218e-05
2024-02-08,0.00013187471649533933
2024-02-09,0.0003864186908040246
2024-02-11,7.151617533751597e-05
2024-02-12,0.00014426936144706914
2024-02-13,0.001798409796099465
2024-02-14,6.861972931848648e-05
2024-02-15,-0.001610072938844298
2024-02-16,-0.0007160424186215542
2024-02-18,-0.00028537657756844137
2024-02-19,-0.00018833105048332577
2024-02-20,0.0003431617829143807
2024-02-21,5.9672962610113345e-05
2024-02-22,-3.5419274013404056e-05
2024-02-23,-0.000756094955129738
2024-02-25,-0.0005923329426894552
2024-02-26,0.00018298438630703906
2024-02-27,-0.0001734809832332207
2024-02-28,-0.0003110125725789281
2024-02-29,0.00012458484240607248
2024-03-01,0.0042053849594470005
2024-03-03,-0.0006506216950474819
2024-03-04,0.004810685339543763
2024-03-05,0.0016847335113454598
2024-03-06,0.003024067499006522
2024-03-07,0.0016556412035597656
2024-03-08,0.0031729332818146716
2024-03-10,-6.860369482808437e-05
2024-03-11,0.00030383720716486984
2024-03-12,-0.0036320083324644648
2024-03-13,0.0013978498881612733
2024-03-14,-0.0011261105996849263
2024-03-15,-0.0006006020800497502
2024-03-17,-0.00046610405634250895
2024-03-18,-0.000999458066383907
2024-03-19,9.861178958647798e-05
2024-03-20,-0.0004311402610661652
2024-03-21,-0.0027178330194439493
2024-03-22,-0.0002754615544400263
2024-03-24,0.0
2024-03-25,0.0
2024-03-26,0.0
2024-03-27,0.0
2024-03-28,0.0007638234308824376
2024-03-31,0.00084802499096992
2024-04-01,-1.9198854480428906e-05
2024-04-02,0.002809725553859721
2024-04-03,0.0016547376979834105
2024-04-04,-0.0017572192888493099
2024-04-05,0.004166806708059578
2024-04-07,-0.0022348759335486523
2024-04-08,0.0030493183817534852
2024-04-09,0.0008189060014009986
2024-04-10,-0.0015081944095370892
2024-04-11,0.003827943921830279
2024-04-12,-0.00304954128177104
2024-04-14,0.0006559298592259122
2024-04-15,0.0026383692933567016
2024-04-16,-5.430378642834466e-05
2024-04-17,-0.0013456002238012577
2024-04-18,0.0008215631366157439
2024-04-19,0.0011497414000509742
2024-04-21,-0.0010528227231478837
2024-04-22,-0.003403697965620789
2024-04-23,-0.0008547179871651878
2024-04-24,7.868535576083246e-05
2024-04-25,-0.000415789551768575
2024-04-26,-0.0008682120319934983
2024-04-28,-0.00015039585107401443
2024-04-29,2.86870367343095e-05
2024-04-30,-0.00025498096252618563
2024-05-01,-0.001413314113086539
2024-05-02,0.0004106597512956167
2024-05-03,4.6082877773301334e-05
2024-05-05,0.0001272663037565902
2024-05-06,-0.0006564520018091935
2024-05-07,0.00031334415566419693
2024-05-08,0.0001024286652455686
2024-05-09,-0.0003349677005868301
2024-05-10,0.0006373945790936197
2024-05-12,9.075403424763095e-05
2024-05-13,-0.0013805523722282276
2024-05-14,0.0005329390099000353
2024-05-15,0.0014670597774328886
2024-05-16,-0.0010432700675957474
2024-05-17,0.0023975678506991116
2024-05-19,0.0008060099766986628
2024-05-20,0.000264295228439293
2024-05-21,-0.0008874623682655347
2024-05-22,-0.003322545184762715
2024-05-23,0.0010203011730314238
2024-05-24,-0.00019025867841004906
2024-05-26,-6.247551859039913e-05
2024-05-27,-0.0006834247970431973
2024-05-28,-0.0001054082281011226
2024-05-29,0.0004184049992996819
2024-05-30,-0.00018092206782216458
2024-05-31,0.00037605335336854395
2024-06-02,2.0214210308511227e-05
2024-06-03,-0.00046221537798973866
2024-06-04,0.00045831849742539177
2024-06-05,-0.000541292627345813
2024-06-06,0.00021252573442920308
2024-06-07,-0.0024921998103983878
2024-06-09,-0.00012627667470466175
2024-06-10,-0.000812072442865519
2024-06-11,-0.00023601540589524017
2024-06-12,-0.0002694627252392001
2024-06-13,0.0006391318495360121
2024-06-14,-0.001110282696249909
2024-06-16,0.00028336491718872203
2024-06-17,9.881873957451326e-05
2024-06-18,-0.00018368938935242607
2024-06-19,-1.3651699684036345e-06
2024-06-20,0.00014383701903253332
2024-06-21,-0.002367109976650572
2024-06-23,0.0
2024-06-24,0.0
2024-06-25,0.0
2024-06-26,2.6900711656230314e-05
2024-06-27,-0.0007980809843679548
2024-06-28,0.0
2024-06-30,0.0
2024-07-01,0.0
2024-07-02,0.0
2024-07-03,0.0005275593873002027
2024-07-04,-9.763911168914063e-06
2024-07-05,0.0030821247005567987
2024-07-07,-0.0007877363296504569
2024-07-08,-0.0030295823069693695
2024-07-09,0.000149933111871281
2024-07-10,0.001086611864546283
2024-07-11,0.004469159401404577
2024-07-12,-0.00010989993266707909
2024-07-14,-0.0005055952551525911
2024-07-15,0.0014637645276454059
2024-07-16,0.005485331061068077
2024-07-17,-0.0012385593339133694
2024-07-18,-0.0025005240206723567
2024-07-19,-0.002497324909281118
2024-07-21,0.00010806027299814502
2024-07-22,-0.00016788538487466642
2024-07-23,0.00013474496992449403
2024-07-24,-0.0006616354714152894
2024-07-25,0.00012173181019825563
2024-07-26,-0.0014627191269992457
2024-07-28,-0.000730192920873951
2024-07-29,0.0005454294855695707
2024-07-30,-0.0009686905810718516
2024-07-31,0.0011393349211477055
2024-08-01,2.8304349705132736e-05
2024-08-02,-0.0010428531238771965
2024-08-04,-0.0006640606777625901
2024-08-05,-0.0018407890767017099
2024-08-06,0.0003005301471035171
2024-08-07,1.2364825921817868e-05
2024-08-08,-0.00022701501671273938
2024-08-09,2.7235878425457827e-05
2024-08-11,-8.530306993370651e-05
2024-08-12,0.0008636321536645841
2024-08-13,-0.00016263376836189725
2024-08-14,-0.0004298384388041754
2024-08-15,0.0
2024-08-16,0.0009581759329500006
2024-08-18,-0.00044274133748889444
2024-08-19,0.00014376566192320084
2024-08-20,0.0004174364292377497
2024-08-21,-1.7031112194865194e-05
2024-08-22,-0.0017672628556669734
2024-08-23,0.0
2024-08-25,0.0
2024-08-26,-0.0005889064879447403
2024-08-27,0.00048479760300446095
2024-08-28,-0.0009713859679355563
2024-08-29,9.774850256905054e-05
2024-08-30,-0.0002912524456710752
2024-09-01,-6.50045093820717e-05
2024-09-02,-0.00012560602022282374
2024-09-03,-0.00010051348291395534
2024-09-04,-0.001039019676331021
2024-09-05,-0.0005807149257719413
2024-09-06,-0.0008150929765349257
2024-09-08,0.0
2024-09-09,0.0
2024-09-10,0.0
2024-09-11,0.0
2024-09-12,0.0009153102601631158
2024-09-13,0.0015782442637890526
2024-09-15,6.118920230968605e-05
2024-09-16,-0.0001429465577251765
2024-09-17,-0.0010467774361720972
2024-09-18,-0.0008775692436948646
2024-09-19,0.0003191230331749395
2024-09-20,0.0017686102245546564
2024-09-22,-0.000490196853307201
2024-09-23,0.0005639306243807596
2024-09-24,0.0030768601941415508
2024-09-25,-0.0002027675980957877
2024-09-26,0.0009129091768484976
2024-09-27,-0.0012216530726744113
2024-09-29,9.828561151858928e-05
2024-09-30,-0.0013588990323843975
2024-10-01,-0.0003238642783061074
2024-10-02,-4.928088010003329e-06
2024-10-03,-3.0470157734163728e-05
2024-10-04,-0.0001141914472713168
2024-10-06,-0.0001743722215710175
2024-10-07,-0.00018678696288132457
2024-10-08,-0.0014975728188190152
2024-10-09,0.00047917878781111867
2024-10-10,-0.0008070256135643827
2024-10-11,-0.0001762702184598952
2024-10-13,-0.00024646232201475105
2024-10-14,1.9606138097261194e-05
2024-10-15,0.00021068150087022453
2024-10-16,0.000270348269394205
2024-10-17,0.0007368725615195526
2024-10-18,0.002285624676753306
2024-10-20,-0.0001154618974336108
2024-10-21,0.0002054850494210836
2024-10-22,0.0015106373311486454
2024-10-23,-0.0019541192091862003
2024-10-24,0.0008543382517056664
2024-10-25,0.0012140679017693667
2024-10-27,-0.0013470443778462737
2024-10-28,0.0015396805723104645
2024-10-29,0.00223915847664502
2024-10-30,0.00019903108700503047
2024-10-31,-0.002708055021304001
2024-11-01,-0.0008058015996450507
2024-11-03,0.00012288783840075368
2024-11-04,-0.0003716180392320245
2024-11-05,0.0006666883701167414
2024-11-06,0.00046174357278849776
2024-11-07,-0.002129931312578104
2024-11-08,0.00031120949785989893
2024-11-10,0.0002459952318498715
2024-11-11,0.0014444747593507223
2024-11-12,0.0010029578775190284
2024-11-13,0.002742519332194826
2024-11-14,-0.00013286276810542397
2024-11-15,0.00011171944561949587
2024-11-17,-0.00138663588975807
2024-11-18,-0.0011365197069380661
2024-11-19,-0.00028343687507870197
2024-11-20,1.5510230781723422e-05
2024-11-21,0.0004767512410077668
2024-11-22,0.001350991407693014
2024-11-24,-0.0006594091071345787
2024-11-25,-0.002929419914385223
2024-11-26,0.0
2024-11-27,0.0
2024-11-28,0.0
2024-11-29,-0.0002624257862157142
2024-12-01,-0.0003029665809523019
2024-12-02,-1.7862872789820017e-06
2024-12-03,0.0
2024-12-04,0.0
2024-12-05,0.0
2024-12-06,-0.00031461228535334396
2024-12-08,-0.00025571713135763563
2024-12-09,-0.0001596563185918276
2024-12-10,0.0009741491889381226
2024-12-11,0.0004260440674397348
2024-12-12,-0.0008678061169526963
2024-12-13,-0.0009412217730133676
2024-12-15,-8.581171766020024e-05
2024-12-16,-8.845621620345856e-05
2024-12-17,0.00015766888661450373
2024-12-18,-0.0002785450644565701
2024-12-19,-0.0001820464679727074
2024-12-20,-0.0003935198609389401
2024-12-22,6.572744387489671e-05
2024-12-23,6.970172533549146e-05
2024-12-24,1.7244751112199808e-05
2024-12-26,-0.00028435302142681973
2024-12-27,0.00021541640909994442
2024-12-29,-4.6174208214955215e-05
2024-12-30,0.00031335979300206596
2024-12-31,-0.0003177563277421136
2025-01-01,-0.00014292148969996532
2025-01-02,0.0005354405166717591
2025-01-03,-0.0011901442691699682
2025-01-05,5.2985089049606415e-06
2025-01-06,-0.0007727503136838454
2025-01-07,0.0
2025-01-08,0.0
2025-01-09,-0.00014059364831686683
2025-01-10,0.0011661286325597153
2025-01-12,-0.0003799498974379478
2025-01-13,-0.0012080655254738115
2025-01-14,-7.210751615316369e-05
2025-01-15,0.0007752719921492179
2025-01-16,0.001060052092896946
2025-01-17,-0.0010779027062880475
2025-01-19,-0.0009527229501578027
2025-01-20,0.0021562094817899613
2025-01-21,0.0025606538315112726
2025-01-22,0.0003705841689152223
2025-01-23,0.0008276553873551862
2025-01-24,0.0007598852160057845
2025-01-26,-0.000844853960733194
2025-01-27,-0.002639523152096812
2025-01-28,0.0
2025-01-29,-0.00012724155745047483
2025-01-30,0.0017143910351016256
2025-01-31,0.00020346799422221729
2025-02-02,-0.0016068901434687088
2025-02-03,0.0036527865577478114
2025-02-04,0.0017595610270322304
2025-02-05,0.002391159891624861
2025-02-06,-0.0005370988200208426
2025-02-07,-0.0005137581552413506
2025-02-09,0.0008810018782174911
2025-02-10,0.005497701890294859
2025-02-11,-0.0037508066168863152
2025-02-12,0.0010946801863089828
2025-02-13,0.002073121326970684
2025-02-14,-0.004081075197014394
2025-02-16,0.0006888606615966797
2025-02-17,-2.8231111064314085e-05
2025-02-18,0.0024478374649266055
2025-02-19,-0.00030015249416270873
2025-02-20,-0.0006889518220000168
2025-02-21,0.0005733328493044976
2025-02-23,-0.0007530687574155426
2025-02-24,0.0016644718308265194
2025-02-25,-0.0032456233947574242
2025-02-26,-5.53494535087129e-05
2025-02-27,1.3753720207176912e-07
2025-02-28,0.0004603920658574623
2025-03-02,-0.0004852818432196093
2025-03-03,-0.0007448734163019166
2025-03-04,-0.0009397599436040682
2025-03-05,0.0003359463898480186
2025-03-06,-0.0006049866905415424
2025-03-07,0.0
2025-03-09,0.0
2025-03-10,-8.544104468954927e-05
2025-03-11,-0.0004663561705443575
2025-03-12,-0.0003935619734314333
2025-03-13,0.0021291329706327744
2025-03-14,-0.0001860471184721435
2025-03-16,0.00026826783958910916
2025-03-17,0.0008512148829664667
2025-03-18,0.0013218473528078256
2025-03-19,0.001166483109885652
2025-03-20,-0.0008417227640361569
2025-03-21,-0.001064821219879275
2025-03-23,-0.00018187599497976326
2025-03-24,-0.00037612540871523326
2025-03-25,0.0004514885461295304
2025-03-26,-6.923299477423761e-05
2025-03-27,0.0029725228616281907
2025-03-28,0.0007869081633657959
2025-03-30,-0.0005510947542433087
2025-03-31,0.003305206088746626
2025-04-01,-0.0004108406086839045
2025-04-02,0.0019290928259128037
2025-04-03,-0.004812488969338946
2025-04-04,-0.0014996458610031516
2025-04-06,-0.0006052209943648856
2025-04-07,-0.00012250303026861697
2025-04-08,0.00011139923565828269
2025-04-09,-0.0013007605524846255
2025-04-10,0.0013622348139952223
2025-04-11,0.0009633292855211195
2025-04-13,-0.0005494517142958788
2025-04-14,-0.000280465992671175
2025-04-15,0.0015129904622706025
2025-04-16,0.002390736783961289
2025-04-17,-0.0005411916349314927
2025-04-20,0.0011690378649880095
2025-04-21,0.0016626992981720878
2025-04-22,-0.0017470058928777954
2025-04-23,-0.0010869505796442525
2025-04-24,0.000754171178123153
2025-04-25,-0.0014700206004667482
2025-04-27,-0.00013449534689835563
2025-04-28,0.0003032781667493545
2025-04-29,-0.00036320664961708715
2025-04-30,-0.0013253197286132723
2025-05-01,0.0003096655195633513
2025-05-02,-0.00019400936439439853
2025-05-04,-0.00010143114492333627
2025-05-05,-0.001053324219868923
2025-05-06,0.0003485658759598831
2025-05-07,7.054744243673028e-06
2025-05-08,-0.0011049563844951482
2025-05-09,0.0
2025-05-11,0.0
2025-05-12,-8.266148293589737e-05
2025-05-13,-3.087717592276107e-05
2025-05-14,0.0005016619660083155
2025-05-15,-0.0016394365656473564
2025-05-16,0.0012055065387490682
2025-05-18,-0.0012812086041446014
2025-05-19,0.0007114349118604313
2025-05-20,-0.0014493932520933672
2025-05-21,0.00019676800803702932
2025-05-22,-0.00023208809989938572
2025-05-23,0.0005702731584995568
2025-05-25,-0.0003449646195786693
2025-05-26,5.1398822022097335e-05
2025-05-27,-0.0009740480472919533
2025-05-28,0.0
2025-05-29,-0.0005726384050641631
2025-05-30,0.0
2025-06-01,0.0
2025-06-02,0.0002631862884412417
2025-06-03,-0.0005399354487588548
2025-06-04,0.0005859031298776074
2025-06-05,-0.0004245340200105252
2025-06-06,-0.0006018918080826774
2025-06-08,5.076972549633574e-05
2025-06-09,-0.00010889829135285467
2025-06-10,-0.0001508279398433343
2025-06-11,-0.0003301827636690291
2025-06-12,0.0004984392781726132
2025-06-13,0.00047651727543041034
2025-06-15,5.399911515824307e-05
2025-06-16,-0.001270284483272155
2025-06-17,-0.00029909120664384226
2025-06-18,-0.00020591480331744183
2025-06-19,-0.0003354084817334124
2025-06-20,5.686374205060574e-06
2025-06-22,-4.63087701084719e-05
2025-06-23,-0.00015068506156323824
2025-06-24,-0.0003436718895819535
2025-06-25,-0.00013543209238064957
2025-06-26,9.549034170719395e-06
2025-06-27,0.0007547213806733399
2025-06-29,0.0005145887047433018
2025-06-30,-0.002489726354381827
2025-07-01,-0.0009187202384275395
2025-07-02,0.00010376260357625178
2025-07-03,-0.0004061096216412263
2025-07-04,0.0
2025-07-06,0.0
2025-07-07,-0.0005262441341834512
2025-07-08,0.0005564372705322285
2025-07-09,-0.00020582457262585674
2025-07-10,-0.0002249849344370114
2025-07-11,5.4210360092010745e-06
2025-07-13,0.00020458668757372678
2025-07-14,-0.0004056465694185496
2025-07-15,-0.00036906809056991285
2025-07-16,0.0
2025-07-17,-0.0005329630625923176
2025-07-18,-0.0004066836085079295
2025-07-20,0.0
2025-07-21,0.00021977980903575833
2025-07-22,0.0019726067227494593
2025-07-23,-0.002284818590087001
2025-07-24,-0.001587355130932222
2025-07-25,-0.00037277112317324335
2025-07-27,8.876219645181926e-05
2025-07-28,0.00044013092509676
2025-07-29,-0.0003577329776810467
2025-07-30,0.0009221240069317016
2025-07-31,-0.00021823287454303397
2025-08-01,-0.002641566390146566
2025-08-03,-0.000250449680922471
2025-08-04,0.0005467702397610186
2025-08-05,4.060905055580655e-05
2025-08-06,-0.00023330139410948636
2025-08-07,0.00033866183391828564
2025-08-08,0.00016237226613213807
2025-08-10,-0.00036054068416713214
2025-08-11,-0.00034659767996247925
2025-08-12,0.0002370960897553065
2025-08-13,-0.0005177425832851856
2025-08-14,0.0006559821316747261
2025-08-15,2.8978414213565173e-05
2025-08-17,-8.27591478095302e-05
2025-08-18,0.00011201162005147758
2025-08-19,0.0004389883605993017
2025-08-20,-0.0010477007332213573
2025-08-21,0.00011983542341420517
2025-08-22,-0.0012399203191932884
2025-08-24,-0.00016573557370769265
2025-08-25,0.0003583804324154283
2025-08-26,0.00018796845363033832
2025-08-27,7.157246319677846e-05
2025-08-28,0.0007934212914624261
2025-08-29,0.002041434441209855
2025-08-31,-0.00028943777633128054
2025-09-01,0.00208706348057075
2025-09-02,0.003330084496742547
2025-09-03,0.0014911296838202581
2025-09-04,-0.0005930250121342073
2025-09-05,0.0020592047692884474
2025-09-07,0.00037535995026738433
2025-09-08,0.002606810547362892
2025-09-09,-0.0009521213122649641
2025-09-10,0.0011483840831447711
2025-09-11,-0.0004657165152439635
2025-09-12,0.0003935450670522478
2025-09-14,-0.0006766312304470334
2025-09-15,0.0031364888675595726
2025-09-16,0.0001925264618616307
2025-09-17,-0.0016862588853048255
2025-09-18,-0.0010180226491619537
2025-09-19,0.0017699631788448134
2025-09-21,0.00018477597279886737
2025-09-22,0.0027290619013775608
2025-09-23,0.0009758577771616928
2025-09-24,-0.001243275356884288
2025-09-25,2.2155771566279014e-06
2025-09-26,0.0003924727982276277
2025-09-28,0.0010297578158358078
2025-09-29,0.0023601905522740996
2025-09-30,0.0009808313108887745
2025-10-01,-0.0002443276968765451
2025-10-02,-9.910638006560557e-05
2025-10-03,0.001173412161946441
2025-10-05,0.00047518836629834027
2025-10-06,0.0030374404415103307
2025-10-07,0.0013647444305888712
2025-10-08,0.001484158057206919
2025-10-09,-0.0017932964687261688
2025-10-10,0.0010155304766394924
2025-10-12,0.0009929034555382632
2025-10-13,0.0035764526558237364
2025-10-14,0.0017763487718540638
2025-10-15,0.0023023205863141882
2025-10-16,0.00713827349953533
2025-10-17,-0.005158842575424538
2025-10-19,-0.0001597875343385402
2025-10-20,0.005755884076107609
2025-10-21,-0.013442988554249302
2025-10-22,0.00018543293665884697
2025-10-23,0.0014684993710090133
2025-10-24,-0.0005855333100279747
2025-10-26,-0.0009440678354313281
2025-10-27,-0.0018043281243975695
2025-10-28,-0.0008689076989886191
2025-10-29,0.0
2025-10-30,0.0
2025-10-31,0.0
2025-11-02,0.0
2025-11-03,0.0
2025-11-04,0.00018287640798320126
2025-11-05,-0.00038395151152059714
2025-11-06,-0.00033944271808528104
2025-11-07,0.0
2025-11-09,0.0
2025-11-10,0.001543735370997723
2025-11-11,-0.0001260806058854813
2025-11-12,0.0011791938434526639
2025-11-13,-5.727392966581313e-05
2025-11-14,-0.002904151237939523
2025-11-16,-5.298595620617519e-05
2025-11-17,0.0006510845309011248
2025-11-18,-0.0003260123592472297
2025-11-19,-0.00035926284501064387
2025-11-20,0.0
2025-11-21,0.0
2025-11-23,0.0
2025-11-24,1.2409115162093087e-06
2025-11-25,0.00011834414039868513
2025-11-26,5.184285275228184e-05
2025-11-27,0.0003552852410266816
2025-11-28,0.0005585393821487816
2025-11-30,0.0006712334521017382
2025-12-01,-0.0010728978695244695
2025-12-02,-0.00040536422294501495
2025-12-03,-0.00011224323692771154
2025-12-04,-0.00012850493779603678
2025-12-05,-0.00010181467974912373
2025-12-07,3.1879072417639875e-05
2025-12-08,-0.00010699121556412283
2025-12-09,0.00031427136720596494
2025-12-10,0.00047016263234977984
2025-12-11,0.0005492575506971242
2025-12-12,0.0008304929453557541
2025-12-14,0.0006348248209850915
2025-12-15,-0.0004192962216614804
2025-12-16,0.0004787854720609275
2025-12-17,0.0001261270428991601
2025-12-18,-0.00025930980164579065
2025-12-19,0.0004479190487336471
2025-12-21,0.0012561300534319475
2025-12-22,0.003017094865179759
2025-12-23,0.0008915652130048191
2025-12-24,-0.0011282478281854358
2025-12-26,0.0015218365070652773
2025-12-28,-0.0010996180061133565
2025-12-29,-0.0022166774346358276
2025-12-30,0.0
2025-12-31,-0.0006594995597338782
2026-01-01,-0.0005414157865726299
2026-01-02,-0.0002156747416798277
2026-01-04,-0.0006691545610875149
2026-01-05,-0.00017969087895941538
2026-01-06,0.0001306793671589368
2026-01-07,-0.00017034505898472219
2026-01-08,0.0001937231590938282
2026-01-09,0.00039262184846688974
2026-01-11,0.0005799508630661698
2026-01-12,0.00020737644968615854
2026-01-13,0.0011606267340888987
2026-01-14,-0.0005749670417635189
2026-01-15,1.0521602054058832e-06
2026-01-16,-0.00012070602991065549
2026-01-18,0.001735921328989365
2026-01-19,0.0003456605529033041
2026-01-20,0.0047805201690525045
2026-01-21,-0.0010974747756375969
2026-01-22,0.004506613007606797
2026-01-23,0.0009521574367372665
2026-01-25,0.002396136828989981
2026-01-26,-0.0003265337214620745
2026-01-27,0.004127079863116778
2026-01-28,0.009780078147293203
2026-01-29,-0.00696366004958493
2026-01-30,-0.01094903186151397
2026-02-01,-0.0015357336643633257
2026-02-02,-0.001815205293143829
2026-02-03,0.0
2026-02-04,0.0
2026-02-05,0.0
2026-02-06,0.0
2026-02-08,0.0
2026-02-09,0.0
2026-02-10,0.0
2026-02-11,0.0
2026-02-12,0.0
2026-02-13,0.0
2026-02-15,0.0
2026-02-16,0.0
2026-02-17,0.0
2026-02-18,0.0
2026-02-19,0.0
2026-02-20,0.0
2026-02-22,0.0
2026-02-23,0.0
2026-02-24,0.0
2026-02-25,0.0
2026-02-26,0.0
2026-02-27,0.0
2026-03-01,0.0
2026-03-02,0.0
2026-03-03,0.0
2026-03-04,0.0
2026-03-05,0.0
2026-03-06,0.0
2026-03-08,0.0
2026-03-09,0.0
2026-03-10,0.0
2026-03-11,0.0
2026-03-12,0.0
2026-03-13,0.0
2026-03-15,0.0
2026-03-16,0.0
2026-03-17,0.0
2026-03-18,0.0
2026-03-19,0.0
2026-03-20,0.0
2026-03-22,0.0
2026-03-23,0.0
2026-03-24,0.0
2026-03-25,0.0
2026-03-26,0.0
2026-03-27,0.0
2026-03-29,0.0
2026-03-30,0.0
2026-03-31,0.0
2026-04-01,0.0
2026-04-02,0.0
2026-04-05,0.0
2026-04-06,0.0
2026-04-07,0.0
2026-04-08,0.0
2026-04-09,0.0
2026-04-10,0.0
2026-04-12,0.0
2026-04-13,0.0
2026-04-14,0.0
2026-04-15,0.0
2026-04-16,0.0
2026-04-17,0.0
2026-04-19,0.0
2026-04-20,0.0
2026-04-21,-0.0002723299558982095
2026-04-22,-7.552588483838996e-05
2026-04-23,0.0004214097138344197
2026-04-24,-4.300877479701537e-05
2026-04-26,0.00011621974503395194
2026-04-27,7.23133798503639e-05
2026-04-28,0.0011743905032821633
2026-04-29,0.0005906065007126315
2026-04-30,-0.0009313691858671147
2026-05-01,4.983754689513731e-05
2026-05-03,2.097330408967757e-05
2026-05-04,0.0008054319145478495
2026-05-05,-0.0008513560107145102
2026-05-06,-0.0009106260720470605
2026-05-07,0.00011735290471914794
2026-05-08,0.00013113006626763735
2026-05-10,-0.00031966751680989614
2026-05-11,-0.00015429819702050818
2026-05-12,0.0
2026-05-13,0.0
2026-05-14,0.0
2026-05-15,0.0008708583955365778
2026-05-17,0.00024264077573410425
2026-05-18,-0.00045651355133613514
2026-05-19,0.0006111746592682987
2026-05-20,-0.002032486750351392
2026-05-21,0.00030906314059575557
2026-05-22,0.00016603086980171433
2026-05-24,-0.0005714913420263867
2026-05-25,-3.2894819117501584e-06
2026-05-26,0.0
2026-05-27,-0.0005373760900690971
2026-05-28,-0.0011293862763469553
2026-05-29,-0.0008135912001383527
2026-05-31,-1.0614740976411241e-05
2026-06-01,-0.0005903224368577487
2026-06-02,0.0
2026-06-03,-4.17593982180442e-05
2026-06-04,-0.0005435212479049101
2026-06-05,0.001075699783621431
2026-06-07,-0.0003809658387142756
2026-06-08,0.0006569151399180573
2026-06-09,0.0029873081157312242
2026-06-10,0.004144351721604211
2026-06-11,-0.003829597014966546
2026-06-12,-0.00032548388343667245
2026-06-14,-0.0021044907438982907
2026-06-15,-0.0006061625089099909
2026-06-16,-0.000167149062956784
2026-06-17,0.0002803270722027129
2026-06-18,0.0011494854284797018
2026-06-19,0.00037700995707790064
2026-06-21,-0.00047127982450567707
2026-06-22,7.468899055407263e-05
2026-06-23,0.0009399466150821212
2026-06-24,0.0010286332330531334
2026-06-25,-0.00027801056908638433
2026-06-26,-0.0006601440964839611
2026-06-28,0.00018988917099638236
2026-06-29,0.0008009569646374448
2026-06-30,-8.573616935536599e-05
2026-07-01,-0.0005323660867045943
2026-07-02,-0.0009199928049143935
2026-07-03,-2.7086609662996253e-06
2026-07-05,0.0
2026-07-06,0.0
2026-07-07,0.0
2026-07-08,-0.00016502701072407255
2026-07-09,-0.0005042223978852789
2026-07-10,5.75583120965284e-05
2026-07-12,0.0004559501223331264
2026-07-13,0.0006799240816020014
2026-07-14,-0.0005248003164419757
2026-07-15,0.0001425464519495545
2026-07-16,0.0005130060255651436
2026-07-17,-0.0007528832745298253
2026-07-19,0.00019299462400423906
2026-07-20,-0.0003119976235016475
2026-07-21,-0.000613243325122359
2026-07-22,0.00017953241261481345
2026-07-23,-0.001369325279856226
2026-07-24,0.0
2026-07-26,0.0
2026-07-27,0.0
2026-07-28,0.0
2026-07-29,0.0
2026-07-30,0.0
2026-07-31,0.0
2026-08-02,0.0
2026-08-03,0.0
2026-08-04,0.0
2026-08-05,0.003910032772603156
2026-08-06,-0.0018180258594209242
2026-08-07,0.003169895890767327
2026-08-09,-0.0003208608954040626
2026-08-10,0.0022288158939185454
2026-08-11,-0.0008856527851688334
2026-08-12,0.0013400302476154202
2026-08-13,-0.0023928034489211214
2026-08-14,-0.00027400272315103447
2026-08-16,0.0
2026-08-17,9.716785822622143e-05
2026-08-18,-0.0009509325418292081
2026-08-19,0.002341934784515276
2026-08-20,0.00015111617613405848
2026-08-21,0.0026812116321015544
2026-08-23,0.0004977138600001929
2026-08-24,0.0017927612303081375
2026-08-25,-0.0013985872843573777
2026-08-26,-0.0010752591766830522
2026-08-27,-0.00032505190970055775
2026-08-28,-0.002341844348360156
